model,level,metric,value
ResConvLSTM,overall_global,MAE_global,0.240324
ResConvLSTM,overall_global,RMSE_global,1.246955
ResConvLSTM,overall_global,categorical.10mmh.ACC,0.994934
ResConvLSTM,overall_global,categorical.10mmh.BIAS,0.853212
ResConvLSTM,overall_global,categorical.10mmh.CSI,0.424698
ResConvLSTM,overall_global,categorical.10mmh.FAR,0.352521
ResConvLSTM,overall_global,categorical.10mmh.HSS,0.593660
ResConvLSTM,overall_global,categorical.10mmh.POD,0.552436
ResConvLSTM,overall_global,categorical.10mmh.a_hits,77577
ResConvLSTM,overall_global,categorical.10mmh.b_false_alarms,42237
ResConvLSTM,overall_global,categorical.10mmh.c_misses,62850
ResConvLSTM,overall_global,categorical.10mmh.d_correct_negatives,20559480
ResConvLSTM,overall_global,categorical.10mmh.n_total,20742144
ResConvLSTM,overall_global,categorical.20mmh.ACC,0.998183
ResConvLSTM,overall_global,categorical.20mmh.BIAS,0.630944
ResConvLSTM,overall_global,categorical.20mmh.CSI,0.292294
ResConvLSTM,overall_global,categorical.20mmh.FAR,0.415336
ResConvLSTM,overall_global,categorical.20mmh.HSS,0.451501
ResConvLSTM,overall_global,categorical.20mmh.POD,0.368890
ResConvLSTM,overall_global,categorical.20mmh.a_hits,15562
ResConvLSTM,overall_global,categorical.20mmh.b_false_alarms,11055
ResConvLSTM,overall_global,categorical.20mmh.c_misses,26624
ResConvLSTM,overall_global,categorical.20mmh.d_correct_negatives,20688903
ResConvLSTM,overall_global,categorical.20mmh.n_total,20742144
ResConvLSTM,overall_global,categorical.30mmh.ACC,0.999119
ResConvLSTM,overall_global,categorical.30mmh.BIAS,0.344287
ResConvLSTM,overall_global,categorical.30mmh.CSI,0.166165
ResConvLSTM,overall_global,categorical.30mmh.FAR,0.443647
ResConvLSTM,overall_global,categorical.30mmh.HSS,0.284641
ResConvLSTM,overall_global,categorical.30mmh.POD,0.191545
ResConvLSTM,overall_global,categorical.30mmh.a_hits,3643
ResConvLSTM,overall_global,categorical.30mmh.b_false_alarms,2905
ResConvLSTM,overall_global,categorical.30mmh.c_misses,15376
ResConvLSTM,overall_global,categorical.30mmh.d_correct_negatives,20720220
ResConvLSTM,overall_global,categorical.30mmh.n_total,20742144
ResConvLSTM,overall_global,categorical.5mmh.ACC,0.987457
ResConvLSTM,overall_global,categorical.5mmh.BIAS,0.945663
ResConvLSTM,overall_global,categorical.5mmh.CSI,0.524394
ResConvLSTM,overall_global,categorical.5mmh.FAR,0.292231
ResConvLSTM,overall_global,categorical.5mmh.HSS,0.681608
ResConvLSTM,overall_global,categorical.5mmh.POD,0.669311
ResConvLSTM,overall_global,categorical.5mmh.a_hits,286846
ResConvLSTM,overall_global,categorical.5mmh.b_false_alarms,118436
ResConvLSTM,overall_global,categorical.5mmh.c_misses,141723
ResConvLSTM,overall_global,categorical.5mmh.d_correct_negatives,20195139
ResConvLSTM,overall_global,categorical.5mmh.n_total,20742144
ResConvLSTM,overall_global,peak_error_global,28.543831
ResConvLSTM,overall_window_mean,MAE_window_mean,0.240324
ResConvLSTM,overall_window_mean,RMSE_window_mean,0.706689
ResConvLSTM,overall_window_mean,SSIM_window_mean,0.964061
ResConvLSTM,overall_window_mean,n_defined_windows,1266
ResConvLSTM,overall_window_mean,peak_error_window_mean,7.628709
ResConvLSTM,overall_event_macro,ACC_10mmh_event_macro,0.997304
ResConvLSTM,overall_event_macro,ACC_20mmh_event_macro,0.999082
ResConvLSTM,overall_event_macro,ACC_30mmh_event_macro,0.999577
ResConvLSTM,overall_event_macro,ACC_5mmh_event_macro,0.993200
ResConvLSTM,overall_event_macro,BIAS_10mmh_event_macro,0.598178
ResConvLSTM,overall_event_macro,BIAS_20mmh_event_macro,0.510758
ResConvLSTM,overall_event_macro,BIAS_30mmh_event_macro,0.202118
ResConvLSTM,overall_event_macro,BIAS_5mmh_event_macro,0.701761
ResConvLSTM,overall_event_macro,CSI_10mmh_event_macro,0.329502
ResConvLSTM,overall_event_macro,CSI_20mmh_event_macro,0.261985
ResConvLSTM,overall_event_macro,CSI_30mmh_event_macro,0.099542
ResConvLSTM,overall_event_macro,CSI_5mmh_event_macro,0.424644
ResConvLSTM,overall_event_macro,FAR_10mmh_event_macro,0.319160
ResConvLSTM,overall_event_macro,FAR_20mmh_event_macro,0.381257
ResConvLSTM,overall_event_macro,FAR_30mmh_event_macro,0.439713
ResConvLSTM,overall_event_macro,FAR_5mmh_event_macro,0.354541
ResConvLSTM,overall_event_macro,HSS_10mmh_event_macro,0.451100
ResConvLSTM,overall_event_macro,HSS_20mmh_event_macro,0.412558
ResConvLSTM,overall_event_macro,HSS_30mmh_event_macro,0.172527
ResConvLSTM,overall_event_macro,HSS_5mmh_event_macro,0.541675
ResConvLSTM,overall_event_macro,MAE_event,0.142684
ResConvLSTM,overall_event_macro,POD_10mmh_event_macro,0.409183
ResConvLSTM,overall_event_macro,POD_20mmh_event_macro,0.314363
ResConvLSTM,overall_event_macro,POD_30mmh_event_macro,0.113110
ResConvLSTM,overall_event_macro,POD_5mmh_event_macro,0.516564
ResConvLSTM,overall_event_macro,RMSE_event,0.517185
ResConvLSTM,overall_event_macro,SSIM_event_mean,0.978884
ResConvLSTM,overall_event_macro,n_events,7
ResConvLSTM,per_event,2203.MAE_event,0.581814
ResConvLSTM,per_event,2203.RMSE_event,2.105741
ResConvLSTM,per_event,2203.SSIM_event_mean,0.915012
ResConvLSTM,per_event,2203.categorical.10mmh.ACC,0.986254
ResConvLSTM,per_event,2203.categorical.10mmh.BIAS,0.875127
ResConvLSTM,per_event,2203.categorical.10mmh.CSI,0.435334
ResConvLSTM,per_event,2203.categorical.10mmh.FAR,0.350126
ResConvLSTM,per_event,2203.categorical.10mmh.HSS,0.599633
ResConvLSTM,per_event,2203.categorical.10mmh.POD,0.568723
ResConvLSTM,per_event,2203.categorical.10mmh.a_hits,68758
ResConvLSTM,per_event,2203.categorical.10mmh.b_false_alarms,37044
ResConvLSTM,per_event,2203.categorical.10mmh.c_misses,52141
ResConvLSTM,per_event,2203.categorical.10mmh.d_correct_negatives,6330121
ResConvLSTM,per_event,2203.categorical.10mmh.n_total,6488064
ResConvLSTM,per_event,2203.categorical.20mmh.ACC,0.994730
ResConvLSTM,per_event,2203.categorical.20mmh.BIAS,0.651147
ResConvLSTM,per_event,2203.categorical.20mmh.CSI,0.299312
ResConvLSTM,per_event,2203.categorical.20mmh.FAR,0.415860
ResConvLSTM,per_event,2203.categorical.20mmh.HSS,0.458194
ResConvLSTM,per_event,2203.categorical.20mmh.POD,0.380361
ResConvLSTM,per_event,2203.categorical.20mmh.a_hits,14607
ResConvLSTM,per_event,2203.categorical.20mmh.b_false_alarms,10399
ResConvLSTM,per_event,2203.categorical.20mmh.c_misses,23796
ResConvLSTM,per_event,2203.categorical.20mmh.d_correct_negatives,6439262
ResConvLSTM,per_event,2203.categorical.20mmh.n_total,6488064
ResConvLSTM,per_event,2203.categorical.30mmh.ACC,0.997344
ResConvLSTM,per_event,2203.categorical.30mmh.BIAS,0.349967
ResConvLSTM,per_event,2203.categorical.30mmh.CSI,0.168412
ResConvLSTM,per_event,2203.categorical.30mmh.FAR,0.444002
ResConvLSTM,per_event,2203.categorical.30mmh.HSS,0.287253
ResConvLSTM,per_event,2203.categorical.30mmh.POD,0.194581
ResConvLSTM,per_event,2203.categorical.30mmh.a_hits,3490
ResConvLSTM,per_event,2203.categorical.30mmh.b_false_alarms,2787
ResConvLSTM,per_event,2203.categorical.30mmh.c_misses,14446
ResConvLSTM,per_event,2203.categorical.30mmh.d_correct_negatives,6467341
ResConvLSTM,per_event,2203.categorical.30mmh.n_total,6488064
ResConvLSTM,per_event,2203.categorical.5mmh.ACC,0.967633
ResConvLSTM,per_event,2203.categorical.5mmh.BIAS,0.970478
ResConvLSTM,per_event,2203.categorical.5mmh.CSI,0.533209
ResConvLSTM,per_event,2203.categorical.5mmh.FAR,0.293874
ResConvLSTM,per_event,2203.categorical.5mmh.HSS,0.678459
ResConvLSTM,per_event,2203.categorical.5mmh.POD,0.685280
ResConvLSTM,per_event,2203.categorical.5mmh.a_hits,239878
ResConvLSTM,per_event,2203.categorical.5mmh.b_false_alarms,99832
ResConvLSTM,per_event,2203.categorical.5mmh.c_misses,110166
ResConvLSTM,per_event,2203.categorical.5mmh.d_correct_negatives,6038188
ResConvLSTM,per_event,2203.categorical.5mmh.n_total,6488064
ResConvLSTM,per_event,2203.n_windows,396
ResConvLSTM,per_event,2203.peak_error_event,28.543831
ResConvLSTM,per_event,2205.MAE_event,0.268565
ResConvLSTM,per_event,2205.RMSE_event,0.964047
ResConvLSTM,per_event,2205.SSIM_event_mean,0.952928
ResConvLSTM,per_event,2205.categorical.10mmh.ACC,0.995910
ResConvLSTM,per_event,2205.categorical.10mmh.BIAS,0.701490
ResConvLSTM,per_event,2205.categorical.10mmh.CSI,0.327151
ResConvLSTM,per_event,2205.categorical.10mmh.FAR,0.402090
ResConvLSTM,per_event,2205.categorical.10mmh.HSS,0.491023
ResConvLSTM,per_event,2205.categorical.10mmh.POD,0.419428
ResConvLSTM,per_event,2205.categorical.10mmh.a_hits,7038
ResConvLSTM,per_event,2205.categorical.10mmh.b_false_alarms,4733
ResConvLSTM,per_event,2205.categorical.10mmh.c_misses,9742
ResConvLSTM,per_event,2205.categorical.10mmh.d_correct_negatives,3517431
ResConvLSTM,per_event,2205.categorical.10mmh.n_total,3538944
ResConvLSTM,per_event,2205.categorical.20mmh.ACC,0.999123
ResConvLSTM,per_event,2205.categorical.20mmh.BIAS,0.421084
ResConvLSTM,per_event,2205.categorical.20mmh.CSI,0.206341
ResConvLSTM,per_event,2205.categorical.20mmh.FAR,0.422747
ResConvLSTM,per_event,2205.categorical.20mmh.HSS,0.341728
ResConvLSTM,per_event,2205.categorical.20mmh.POD,0.243072
ResConvLSTM,per_event,2205.categorical.20mmh.a_hits,807
ResConvLSTM,per_event,2205.categorical.20mmh.b_false_alarms,591
ResConvLSTM,per_event,2205.categorical.20mmh.c_misses,2513
ResConvLSTM,per_event,2205.categorical.20mmh.d_correct_negatives,3535033
ResConvLSTM,per_event,2205.categorical.20mmh.n_total,3538944
ResConvLSTM,per_event,2205.categorical.30mmh.ACC,0.999711
ResConvLSTM,per_event,2205.categorical.30mmh.BIAS,0.256386
ResConvLSTM,per_event,2205.categorical.30mmh.CSI,0.130213
ResConvLSTM,per_event,2205.categorical.30mmh.FAR,0.435424
ResConvLSTM,per_event,2205.categorical.30mmh.HSS,0.230328
ResConvLSTM,per_event,2205.categorical.30mmh.POD,0.144749
ResConvLSTM,per_event,2205.categorical.30mmh.a_hits,153
ResConvLSTM,per_event,2205.categorical.30mmh.b_false_alarms,118
ResConvLSTM,per_event,2205.categorical.30mmh.c_misses,904
ResConvLSTM,per_event,2205.categorical.30mmh.d_correct_negatives,3537769
ResConvLSTM,per_event,2205.categorical.30mmh.n_total,3538944
ResConvLSTM,per_event,2205.categorical.5mmh.ACC,0.986508
ResConvLSTM,per_event,2205.categorical.5mmh.BIAS,0.828562
ResConvLSTM,per_event,2205.categorical.5mmh.CSI,0.469196
ResConvLSTM,per_event,2205.categorical.5mmh.FAR,0.295211
ResConvLSTM,per_event,2205.categorical.5mmh.HSS,0.631898
ResConvLSTM,per_event,2205.categorical.5mmh.POD,0.583962
ResConvLSTM,per_event,2205.categorical.5mmh.a_hits,42207
ResConvLSTM,per_event,2205.categorical.5mmh.b_false_alarms,17679
ResConvLSTM,per_event,2205.categorical.5mmh.c_misses,30070
ResConvLSTM,per_event,2205.categorical.5mmh.d_correct_negatives,3448988
ResConvLSTM,per_event,2205.categorical.5mmh.n_total,3538944
ResConvLSTM,per_event,2205.n_windows,216
ResConvLSTM,per_event,2205.peak_error_event,38.040531
ResConvLSTM,per_event,2208.MAE_event,0.029428
ResConvLSTM,per_event,2208.RMSE_event,0.048966
ResConvLSTM,per_event,2208.SSIM_event_mean,0.997663
ResConvLSTM,per_event,2208.categorical.10mmh.ACC,1.000000
ResConvLSTM,per_event,2208.categorical.10mmh.BIAS,nan
ResConvLSTM,per_event,2208.categorical.10mmh.CSI,nan
ResConvLSTM,per_event,2208.categorical.10mmh.FAR,nan
ResConvLSTM,per_event,2208.categorical.10mmh.HSS,nan
ResConvLSTM,per_event,2208.categorical.10mmh.POD,nan
ResConvLSTM,per_event,2208.categorical.10mmh.a_hits,0
ResConvLSTM,per_event,2208.categorical.10mmh.b_false_alarms,0
ResConvLSTM,per_event,2208.categorical.10mmh.c_misses,0
ResConvLSTM,per_event,2208.categorical.10mmh.d_correct_negatives,786432
ResConvLSTM,per_event,2208.categorical.10mmh.n_total,786432
ResConvLSTM,per_event,2208.categorical.20mmh.ACC,1.000000
ResConvLSTM,per_event,2208.categorical.20mmh.BIAS,nan
ResConvLSTM,per_event,2208.categorical.20mmh.CSI,nan
ResConvLSTM,per_event,2208.categorical.20mmh.FAR,nan
ResConvLSTM,per_event,2208.categorical.20mmh.HSS,nan
ResConvLSTM,per_event,2208.categorical.20mmh.POD,nan
ResConvLSTM,per_event,2208.categorical.20mmh.a_hits,0
ResConvLSTM,per_event,2208.categorical.20mmh.b_false_alarms,0
ResConvLSTM,per_event,2208.categorical.20mmh.c_misses,0
ResConvLSTM,per_event,2208.categorical.20mmh.d_correct_negatives,786432
ResConvLSTM,per_event,2208.categorical.20mmh.n_total,786432
ResConvLSTM,per_event,2208.categorical.30mmh.ACC,1.000000
ResConvLSTM,per_event,2208.categorical.30mmh.BIAS,nan
ResConvLSTM,per_event,2208.categorical.30mmh.CSI,nan
ResConvLSTM,per_event,2208.categorical.30mmh.FAR,nan
ResConvLSTM,per_event,2208.categorical.30mmh.HSS,nan
ResConvLSTM,per_event,2208.categorical.30mmh.POD,nan
ResConvLSTM,per_event,2208.categorical.30mmh.a_hits,0
ResConvLSTM,per_event,2208.categorical.30mmh.b_false_alarms,0
ResConvLSTM,per_event,2208.categorical.30mmh.c_misses,0
ResConvLSTM,per_event,2208.categorical.30mmh.d_correct_negatives,786432
ResConvLSTM,per_event,2208.categorical.30mmh.n_total,786432
ResConvLSTM,per_event,2208.categorical.5mmh.ACC,1.000000
ResConvLSTM,per_event,2208.categorical.5mmh.BIAS,nan
ResConvLSTM,per_event,2208.categorical.5mmh.CSI,nan
ResConvLSTM,per_event,2208.categorical.5mmh.FAR,nan
ResConvLSTM,per_event,2208.categorical.5mmh.HSS,nan
ResConvLSTM,per_event,2208.categorical.5mmh.POD,nan
ResConvLSTM,per_event,2208.categorical.5mmh.a_hits,0
ResConvLSTM,per_event,2208.categorical.5mmh.b_false_alarms,0
ResConvLSTM,per_event,2208.categorical.5mmh.c_misses,0
ResConvLSTM,per_event,2208.categorical.5mmh.d_correct_negatives,786432
ResConvLSTM,per_event,2208.categorical.5mmh.n_total,786432
ResConvLSTM,per_event,2208.n_windows,48
ResConvLSTM,per_event,2208.peak_error_event,0.358897
ResConvLSTM,per_event,2210.MAE_event,0.014767
ResConvLSTM,per_event,2210.RMSE_event,0.040178
ResConvLSTM,per_event,2210.SSIM_event_mean,0.998460
ResConvLSTM,per_event,2210.categorical.10mmh.ACC,1.000000
ResConvLSTM,per_event,2210.categorical.10mmh.BIAS,nan
ResConvLSTM,per_event,2210.categorical.10mmh.CSI,nan
ResConvLSTM,per_event,2210.categorical.10mmh.FAR,nan
ResConvLSTM,per_event,2210.categorical.10mmh.HSS,nan
ResConvLSTM,per_event,2210.categorical.10mmh.POD,nan
ResConvLSTM,per_event,2210.categorical.10mmh.a_hits,0
ResConvLSTM,per_event,2210.categorical.10mmh.b_false_alarms,0
ResConvLSTM,per_event,2210.categorical.10mmh.c_misses,0
ResConvLSTM,per_event,2210.categorical.10mmh.d_correct_negatives,3735552
ResConvLSTM,per_event,2210.categorical.10mmh.n_total,3735552
ResConvLSTM,per_event,2210.categorical.20mmh.ACC,1.000000
ResConvLSTM,per_event,2210.categorical.20mmh.BIAS,nan
ResConvLSTM,per_event,2210.categorical.20mmh.CSI,nan
ResConvLSTM,per_event,2210.categorical.20mmh.FAR,nan
ResConvLSTM,per_event,2210.categorical.20mmh.HSS,nan
ResConvLSTM,per_event,2210.categorical.20mmh.POD,nan
ResConvLSTM,per_event,2210.categorical.20mmh.a_hits,0
ResConvLSTM,per_event,2210.categorical.20mmh.b_false_alarms,0
ResConvLSTM,per_event,2210.categorical.20mmh.c_misses,0
ResConvLSTM,per_event,2210.categorical.20mmh.d_correct_negatives,3735552
ResConvLSTM,per_event,2210.categorical.20mmh.n_total,3735552
ResConvLSTM,per_event,2210.categorical.30mmh.ACC,1.000000
ResConvLSTM,per_event,2210.categorical.30mmh.BIAS,nan
ResConvLSTM,per_event,2210.categorical.30mmh.CSI,nan
ResConvLSTM,per_event,2210.categorical.30mmh.FAR,nan
ResConvLSTM,per_event,2210.categorical.30mmh.HSS,nan
ResConvLSTM,per_event,2210.categorical.30mmh.POD,nan
ResConvLSTM,per_event,2210.categorical.30mmh.a_hits,0
ResConvLSTM,per_event,2210.categorical.30mmh.b_false_alarms,0
ResConvLSTM,per_event,2210.categorical.30mmh.c_misses,0
ResConvLSTM,per_event,2210.categorical.30mmh.d_correct_negatives,3735552
ResConvLSTM,per_event,2210.categorical.30mmh.n_total,3735552
ResConvLSTM,per_event,2210.categorical.5mmh.ACC,1.000000
ResConvLSTM,per_event,2210.categorical.5mmh.BIAS,nan
ResConvLSTM,per_event,2210.categorical.5mmh.CSI,nan
ResConvLSTM,per_event,2210.categorical.5mmh.FAR,nan
ResConvLSTM,per_event,2210.categorical.5mmh.HSS,nan
ResConvLSTM,per_event,2210.categorical.5mmh.POD,nan
ResConvLSTM,per_event,2210.categorical.5mmh.a_hits,0
ResConvLSTM,per_event,2210.categorical.5mmh.b_false_alarms,0
ResConvLSTM,per_event,2210.categorical.5mmh.c_misses,0
ResConvLSTM,per_event,2210.categorical.5mmh.d_correct_negatives,3735552
ResConvLSTM,per_event,2210.categorical.5mmh.n_total,3735552
ResConvLSTM,per_event,2210.n_windows,228
ResConvLSTM,per_event,2210.peak_error_event,0.571106
ResConvLSTM,per_event,2212.MAE_event,0.016987
ResConvLSTM,per_event,2212.RMSE_event,0.052017
ResConvLSTM,per_event,2212.SSIM_event_mean,0.998621
ResConvLSTM,per_event,2212.categorical.10mmh.ACC,1.000000
ResConvLSTM,per_event,2212.categorical.10mmh.BIAS,nan
ResConvLSTM,per_event,2212.categorical.10mmh.CSI,nan
ResConvLSTM,per_event,2212.categorical.10mmh.FAR,nan
ResConvLSTM,per_event,2212.categorical.10mmh.HSS,nan
ResConvLSTM,per_event,2212.categorical.10mmh.POD,nan
ResConvLSTM,per_event,2212.categorical.10mmh.a_hits,0
ResConvLSTM,per_event,2212.categorical.10mmh.b_false_alarms,0
ResConvLSTM,per_event,2212.categorical.10mmh.c_misses,0
ResConvLSTM,per_event,2212.categorical.10mmh.d_correct_negatives,1769472
ResConvLSTM,per_event,2212.categorical.10mmh.n_total,1769472
ResConvLSTM,per_event,2212.categorical.20mmh.ACC,1.000000
ResConvLSTM,per_event,2212.categorical.20mmh.BIAS,nan
ResConvLSTM,per_event,2212.categorical.20mmh.CSI,nan
ResConvLSTM,per_event,2212.categorical.20mmh.FAR,nan
ResConvLSTM,per_event,2212.categorical.20mmh.HSS,nan
ResConvLSTM,per_event,2212.categorical.20mmh.POD,nan
ResConvLSTM,per_event,2212.categorical.20mmh.a_hits,0
ResConvLSTM,per_event,2212.categorical.20mmh.b_false_alarms,0
ResConvLSTM,per_event,2212.categorical.20mmh.c_misses,0
ResConvLSTM,per_event,2212.categorical.20mmh.d_correct_negatives,1769472
ResConvLSTM,per_event,2212.categorical.20mmh.n_total,1769472
ResConvLSTM,per_event,2212.categorical.30mmh.ACC,1.000000
ResConvLSTM,per_event,2212.categorical.30mmh.BIAS,nan
ResConvLSTM,per_event,2212.categorical.30mmh.CSI,nan
ResConvLSTM,per_event,2212.categorical.30mmh.FAR,nan
ResConvLSTM,per_event,2212.categorical.30mmh.HSS,nan
ResConvLSTM,per_event,2212.categorical.30mmh.POD,nan
ResConvLSTM,per_event,2212.categorical.30mmh.a_hits,0
ResConvLSTM,per_event,2212.categorical.30mmh.b_false_alarms,0
ResConvLSTM,per_event,2212.categorical.30mmh.c_misses,0
ResConvLSTM,per_event,2212.categorical.30mmh.d_correct_negatives,1769472
ResConvLSTM,per_event,2212.categorical.30mmh.n_total,1769472
ResConvLSTM,per_event,2212.categorical.5mmh.ACC,1.000000
ResConvLSTM,per_event,2212.categorical.5mmh.BIAS,nan
ResConvLSTM,per_event,2212.categorical.5mmh.CSI,nan
ResConvLSTM,per_event,2212.categorical.5mmh.FAR,nan
ResConvLSTM,per_event,2212.categorical.5mmh.HSS,nan
ResConvLSTM,per_event,2212.categorical.5mmh.POD,nan
ResConvLSTM,per_event,2212.categorical.5mmh.a_hits,0
ResConvLSTM,per_event,2212.categorical.5mmh.b_false_alarms,0
ResConvLSTM,per_event,2212.categorical.5mmh.c_misses,0
ResConvLSTM,per_event,2212.categorical.5mmh.d_correct_negatives,1769472
ResConvLSTM,per_event,2212.categorical.5mmh.n_total,1769472
ResConvLSTM,per_event,2212.n_windows,108
ResConvLSTM,per_event,2212.peak_error_event,1.206639
ResConvLSTM,per_event,2214.MAE_event,0.018634
ResConvLSTM,per_event,2214.RMSE_event,0.056394
ResConvLSTM,per_event,2214.SSIM_event_mean,0.998216
ResConvLSTM,per_event,2214.categorical.10mmh.ACC,0.999999
ResConvLSTM,per_event,2214.categorical.10mmh.BIAS,0.000000
ResConvLSTM,per_event,2214.categorical.10mmh.CSI,0.000000
ResConvLSTM,per_event,2214.categorical.10mmh.FAR,nan
ResConvLSTM,per_event,2214.categorical.10mmh.HSS,0.000000
ResConvLSTM,per_event,2214.categorical.10mmh.POD,0.000000
ResConvLSTM,per_event,2214.categorical.10mmh.a_hits,0
ResConvLSTM,per_event,2214.categorical.10mmh.b_false_alarms,0
ResConvLSTM,per_event,2214.categorical.10mmh.c_misses,2
ResConvLSTM,per_event,2214.categorical.10mmh.d_correct_negatives,3047422
ResConvLSTM,per_event,2214.categorical.10mmh.n_total,3047424
ResConvLSTM,per_event,2214.categorical.20mmh.ACC,1.000000
ResConvLSTM,per_event,2214.categorical.20mmh.BIAS,nan
ResConvLSTM,per_event,2214.categorical.20mmh.CSI,nan
ResConvLSTM,per_event,2214.categorical.20mmh.FAR,nan
ResConvLSTM,per_event,2214.categorical.20mmh.HSS,nan
ResConvLSTM,per_event,2214.categorical.20mmh.POD,nan
ResConvLSTM,per_event,2214.categorical.20mmh.a_hits,0
ResConvLSTM,per_event,2214.categorical.20mmh.b_false_alarms,0
ResConvLSTM,per_event,2214.categorical.20mmh.c_misses,0
ResConvLSTM,per_event,2214.categorical.20mmh.d_correct_negatives,3047424
ResConvLSTM,per_event,2214.categorical.20mmh.n_total,3047424
ResConvLSTM,per_event,2214.categorical.30mmh.ACC,1.000000
ResConvLSTM,per_event,2214.categorical.30mmh.BIAS,nan
ResConvLSTM,per_event,2214.categorical.30mmh.CSI,nan
ResConvLSTM,per_event,2214.categorical.30mmh.FAR,nan
ResConvLSTM,per_event,2214.categorical.30mmh.HSS,nan
ResConvLSTM,per_event,2214.categorical.30mmh.POD,nan
ResConvLSTM,per_event,2214.categorical.30mmh.a_hits,0
ResConvLSTM,per_event,2214.categorical.30mmh.b_false_alarms,0
ResConvLSTM,per_event,2214.categorical.30mmh.c_misses,0
ResConvLSTM,per_event,2214.categorical.30mmh.d_correct_negatives,3047424
ResConvLSTM,per_event,2214.categorical.30mmh.n_total,3047424
ResConvLSTM,per_event,2214.categorical.5mmh.ACC,0.999989
ResConvLSTM,per_event,2214.categorical.5mmh.BIAS,0.093750
ResConvLSTM,per_event,2214.categorical.5mmh.CSI,0.029412
ResConvLSTM,per_event,2214.categorical.5mmh.FAR,0.666667
ResConvLSTM,per_event,2214.categorical.5mmh.HSS,0.057141
ResConvLSTM,per_event,2214.categorical.5mmh.POD,0.031250
ResConvLSTM,per_event,2214.categorical.5mmh.a_hits,1
ResConvLSTM,per_event,2214.categorical.5mmh.b_false_alarms,2
ResConvLSTM,per_event,2214.categorical.5mmh.c_misses,31
ResConvLSTM,per_event,2214.categorical.5mmh.d_correct_negatives,3047390
ResConvLSTM,per_event,2214.categorical.5mmh.n_total,3047424
ResConvLSTM,per_event,2214.n_windows,186
ResConvLSTM,per_event,2214.peak_error_event,5.977442
ResConvLSTM,per_event,2217.MAE_event,0.068594
ResConvLSTM,per_event,2217.RMSE_event,0.352953
ResConvLSTM,per_event,2217.SSIM_event_mean,0.991289
ResConvLSTM,per_event,2217.categorical.10mmh.ACC,0.998965
ResConvLSTM,per_event,2217.categorical.10mmh.BIAS,0.816096
ResConvLSTM,per_event,2217.categorical.10mmh.CSI,0.555521
ResConvLSTM,per_event,2217.categorical.10mmh.FAR,0.205266
ResConvLSTM,per_event,2217.categorical.10mmh.HSS,0.713744
ResConvLSTM,per_event,2217.categorical.10mmh.POD,0.648580
ResConvLSTM,per_event,2217.categorical.10mmh.a_hits,1781
ResConvLSTM,per_event,2217.categorical.10mmh.b_false_alarms,460
ResConvLSTM,per_event,2217.categorical.10mmh.c_misses,965
ResConvLSTM,per_event,2217.categorical.10mmh.d_correct_negatives,1373050
ResConvLSTM,per_event,2217.categorical.10mmh.n_total,1376256
ResConvLSTM,per_event,2217.categorical.20mmh.ACC,0.999724
ResConvLSTM,per_event,2217.categorical.20mmh.BIAS,0.460043
ResConvLSTM,per_event,2217.categorical.20mmh.CSI,0.280303
ResConvLSTM,per_event,2217.categorical.20mmh.FAR,0.305164
ResConvLSTM,per_event,2217.categorical.20mmh.HSS,0.437751
ResConvLSTM,per_event,2217.categorical.20mmh.POD,0.319654
ResConvLSTM,per_event,2217.categorical.20mmh.a_hits,148
ResConvLSTM,per_event,2217.categorical.20mmh.b_false_alarms,65
ResConvLSTM,per_event,2217.categorical.20mmh.c_misses,315
ResConvLSTM,per_event,2217.categorical.20mmh.d_correct_negatives,1375728
ResConvLSTM,per_event,2217.categorical.20mmh.n_total,1376256
ResConvLSTM,per_event,2217.categorical.30mmh.ACC,0.999981
ResConvLSTM,per_event,2217.categorical.30mmh.BIAS,0.000000
ResConvLSTM,per_event,2217.categorical.30mmh.CSI,0.000000
ResConvLSTM,per_event,2217.categorical.30mmh.FAR,nan
ResConvLSTM,per_event,2217.categorical.30mmh.HSS,0.000000
ResConvLSTM,per_event,2217.categorical.30mmh.POD,0.000000
ResConvLSTM,per_event,2217.categorical.30mmh.a_hits,0
ResConvLSTM,per_event,2217.categorical.30mmh.b_false_alarms,0
ResConvLSTM,per_event,2217.categorical.30mmh.c_misses,26
ResConvLSTM,per_event,2217.categorical.30mmh.d_correct_negatives,1376230
ResConvLSTM,per_event,2217.categorical.30mmh.n_total,1376256
ResConvLSTM,per_event,2217.categorical.5mmh.ACC,0.998271
ResConvLSTM,per_event,2217.categorical.5mmh.BIAS,0.914254
ResConvLSTM,per_event,2217.categorical.5mmh.CSI,0.666760
ResConvLSTM,per_event,2217.categorical.5mmh.FAR,0.162414
ResConvLSTM,per_event,2217.categorical.5mmh.HSS,0.799201
ResConvLSTM,per_event,2217.categorical.5mmh.POD,0.765766
ResConvLSTM,per_event,2217.categorical.5mmh.a_hits,4760
ResConvLSTM,per_event,2217.categorical.5mmh.b_false_alarms,923
ResConvLSTM,per_event,2217.categorical.5mmh.c_misses,1456
ResConvLSTM,per_event,2217.categorical.5mmh.d_correct_negatives,1369117
ResConvLSTM,per_event,2217.categorical.5mmh.n_total,1376256
ResConvLSTM,per_event,2217.n_windows,84
ResConvLSTM,per_event,2217.peak_error_event,9.637041
