typhoon_id,year,cma_orig_frames,grid_frames,gpm_frames,exact_matches,nearest_matches,missing_frames,usable_windows,target_missing_windows,duration_h
0,2014,530,205021,0,0,0,205021,0,205010,102510.0
1401,2014,10,109,0,0,0,109,0,98,54.0
1402,2014,15,169,0,0,0,169,0,158,84.0
1403,2014,29,337,0,0,0,337,0,326,168.0
1404,2014,28,325,0,0,0,325,0,314,162.0
1405,2014,22,253,0,0,0,253,0,242,126.0
1406,2014,13,145,0,0,0,145,0,134,72.0
1407,2014,29,337,145,0,0,337,0,326,168.0
1408,2014,36,421,337,0,0,421,0,410,210.0
1409,2014,40,469,0,0,0,469,0,458,234.0
1410,2014,37,433,469,133,0,300,122,300,216.0
1411,2014,68,805,433,0,0,805,0,794,402.0
1412,2014,25,289,0,0,0,289,0,278,144.0
1413,2014,81,961,289,289,0,672,280,661,480.0
1414,2014,25,289,0,0,0,289,0,278,144.0
1415,2014,27,313,121,0,0,313,0,302,156.0
1416,2014,31,361,0,0,0,361,0,350,180.0
1417,2014,29,337,97,0,0,337,0,326,168.0
1418,2014,37,433,313,0,0,433,0,422,216.0
1419,2014,56,661,361,0,0,661,0,650,330.0
1420,2014,34,397,0,0,0,397,0,386,198.0
1421,2014,18,205,0,0,0,205,0,194,102.0
1422,2014,48,565,0,0,0,565,0,554,282.0
1423,2014,19,217,0,0,0,217,0,206,108.0
1501,2015,28,325,0,0,0,325,0,314,162.0
1502,2015,24,277,0,0,0,277,0,266,138.0
1503,2015,42,493,0,0,0,493,0,482,246.0
1504,2015,46,541,0,0,0,541,0,530,270.0
1505,2015,14,157,0,0,0,157,0,146,78.0
1506,2015,55,649,606,606,0,43,595,43,324.0
1507,2015,59,697,0,0,0,697,0,686,348.0
1508,2015,21,241,241,241,0,0,230,0,120.0
1509,2015,53,625,0,0,0,625,0,614,312.0
1510,2015,33,385,0,0,0,385,0,374,192.0
1511,2015,62,733,0,0,0,733,0,722,366.0
1512,2015,67,793,0,0,0,793,0,782,396.0
1513,2015,54,637,133,0,0,637,0,626,318.0
1514,2015,30,349,637,253,0,96,242,96,174.0
1515,2015,54,637,0,0,0,637,0,626,318.0
1516,2015,61,721,0,0,0,721,0,710,360.0
1517,2015,86,1021,0,0,0,1021,0,1010,510.0
1518,2015,23,265,0,0,0,265,0,254,132.0
1519,2015,9,97,0,0,0,97,0,86,48.0
1520,2015,49,577,0,0,0,577,0,566,288.0
1521,2015,36,421,0,0,0,421,0,410,210.0
1522,2015,18,205,421,0,0,205,0,194,102.0
1523,2015,38,445,205,145,0,300,134,300,222.0
1524,2015,37,433,445,0,0,433,0,422,216.0
1525,2015,52,613,433,385,0,228,374,228,306.0
1526,2015,38,445,0,0,0,445,0,434,222.0
1527,2015,27,313,0,0,0,313,0,302,156.0
1601,2016,31,361,97,0,0,361,0,350,180.0
1602,2016,15,169,361,0,0,169,0,158,84.0
1603,2016,12,133,0,0,0,133,0,122,66.0
1604,2016,19,217,0,0,0,217,0,206,108.0
1605,2016,31,361,133,0,0,361,0,350,180.0
1606,2016,33,385,217,0,0,385,0,374,192.0
1607,2016,24,277,0,0,0,277,0,266,138.0
1608,2016,20,229,0,0,0,229,0,218,114.0
1609,2016,25,289,0,0,0,289,0,278,144.0
1610,2016,53,625,229,109,0,516,98,516,312.0
1611,2016,13,145,0,0,0,145,0,134,72.0
1612,2016,21,241,0,0,0,241,0,230,120.0
1613,2016,9,97,0,0,0,97,0,86,48.0
1614,2016,34,397,0,0,0,397,0,386,198.0
1615,2016,12,133,97,0,0,133,0,122,66.0
1616,2016,36,421,397,265,0,156,254,156,210.0
1617,2016,29,337,0,0,0,337,0,326,168.0
1618,2016,46,541,421,0,0,541,0,530,270.0
1619,2016,41,481,0,0,0,481,0,470,240.0
1620,2016,27,313,0,0,0,313,0,302,156.0
1621,2016,31,361,0,0,0,361,0,350,180.0
1622,2016,34,397,298,0,0,397,0,386,198.0
1623,2016,31,361,361,0,0,361,0,350,180.0
1624,2016,16,181,397,0,0,181,0,170,90.0
1625,2016,17,193,0,0,0,193,0,182,96.0
1626,2016,34,397,0,0,0,397,0,386,198.0
1701,2017,27,313,0,0,0,313,0,302,156.0
1702,2017,21,181,0,0,0,181,0,170,90.0
1703,2017,21,241,181,0,0,241,0,230,120.0
1704,2017,15,169,241,0,0,169,0,158,84.0
1705,2017,82,973,169,0,0,973,0,962,486.0
1706,2017,33,385,0,0,0,385,0,374,192.0
1707,2017,14,109,270,54,0,55,45,44,54.0
1708,2017,34,397,109,109,0,288,100,277,198.0
1709,2017,31,289,0,0,0,289,0,278,144.0
1710,2017,33,325,289,169,0,156,158,156,162.0
1711,2017,30,349,0,0,0,349,0,338,174.0
1712,2017,27,313,0,0,0,313,0,302,156.0
1713,2017,26,253,0,0,0,253,0,242,126.0
1714,2017,21,193,253,49,0,144,38,144,96.0
1715,2017,40,469,193,25,0,444,14,444,234.0
1716,2017,22,205,0,0,0,205,0,194,102.0
1717,2017,16,181,205,25,0,156,14,156,90.0
1718,2017,53,625,181,0,0,625,0,614,312.0
1719,2017,22,253,625,253,0,0,242,0,126.0
1720,2017,25,241,253,0,0,241,0,230,120.0
1721,2017,35,409,97,0,0,409,0,398,204.0
1722,2017,30,349,97,0,0,349,0,338,174.0
1723,2017,21,241,0,0,0,241,0,230,120.0
1724,2017,23,265,0,0,0,265,0,254,132.0
1725,2017,12,133,0,0,0,133,0,122,66.0
1726,2017,40,469,0,0,0,469,0,458,234.0
1727,2017,26,301,265,0,0,301,0,290,150.0
1801,2017,19,217,0,0,0,217,0,206,108.0
1802,2018,26,301,0,0,0,301,0,290,150.0
1803,2018,32,373,0,0,0,373,0,362,186.0
1804,2018,50,361,0,0,0,361,0,350,180.0
1805,2018,26,301,361,193,0,108,182,108,150.0
1806,2018,32,325,0,0,0,325,0,314,162.0
1807,2018,30,349,325,0,0,349,0,338,174.0
1808,2018,53,481,0,0,0,481,0,470,240.0
1809,2018,53,409,481,0,0,409,0,398,204.0
1810,2018,52,397,0,0,0,397,0,386,198.0
1811,2018,22,253,0,0,0,253,0,242,126.0
1812,2018,62,595,157,25,0,570,14,570,297.0
1813,2018,36,421,0,0,0,421,0,410,210.0
1814,2018,53,427,0,0,0,427,0,416,213.0
1815,2018,21,241,0,0,0,241,0,230,120.0
1816,2018,63,421,0,0,0,421,0,410,210.0
1817,2018,64,757,427,427,0,330,418,319,378.0
1818,2018,44,313,0,0,0,313,0,302,156.0
1819,2018,48,565,0,0,0,565,0,554,282.0
1820,2018,31,361,0,0,0,361,0,350,180.0
1821,2018,46,541,313,0,0,541,0,530,270.0
1822,2018,52,505,0,0,0,505,0,494,252.0
1823,2018,30,265,361,0,0,265,0,254,132.0
1824,2018,53,625,157,0,0,625,0,614,312.0
1825,2018,39,457,0,0,0,457,0,446,228.0
1826,2018,54,637,0,0,0,637,0,626,318.0
1827,2018,7,73,0,0,0,73,0,62,36.0
1828,2018,36,421,0,0,0,421,0,410,210.0
1829,2018,36,421,0,0,0,421,0,410,210.0
1901,2018,20,229,0,0,0,229,0,218,114.0
1902,2019,48,565,0,0,0,565,0,554,282.0
1903,2019,18,205,565,0,0,205,0,194,102.0
1904,2019,17,133,0,0,0,133,0,122,66.0
1905,2019,37,433,0,0,0,433,0,422,216.0
1906,2019,21,241,0,0,0,241,0,230,120.0
1907,2019,31,217,133,0,0,217,0,206,108.0
1908,2019,34,397,0,0,0,397,0,386,198.0
1909,2019,62,517,0,0,0,517,0,506,258.0
1910,2019,48,565,217,0,0,565,0,554,282.0
1911,2019,38,301,0,0,0,301,0,290,150.0
1912,2019,24,277,517,0,0,277,0,266,138.0
1913,2019,45,529,0,0,0,529,0,518,264.0
1914,2019,37,373,301,0,0,373,0,362,186.0
1915,2019,37,433,277,0,0,433,0,422,216.0
1916,2019,16,181,0,0,0,181,0,170,90.0
1917,2019,27,313,0,0,0,313,0,302,156.0
1918,2019,37,385,0,0,0,385,0,374,192.0
1919,2019,39,457,181,0,0,457,0,446,228.0
1920,2019,29,337,0,0,0,337,0,326,168.0
1921,2019,30,349,0,0,0,349,0,338,174.0
1922,2019,13,145,385,0,0,145,0,134,72.0
1923,2019,34,397,0,0,0,397,0,386,198.0
1924,2019,28,325,0,0,0,325,0,314,162.0
1925,2019,30,349,0,0,0,349,0,338,174.0
1926,2019,44,517,0,0,0,517,0,506,258.0
1927,2019,25,289,0,0,0,289,0,278,144.0
1928,2019,45,529,0,0,0,529,0,518,264.0
1929,2019,37,433,0,0,0,433,0,422,216.0
2001,2020,37,433,433,433,0,0,422,0,216.0
2002,2020,25,217,217,217,0,0,206,0,108.0
2003,2020,16,133,133,133,0,0,122,0,66.0
2004,2020,55,541,0,0,0,541,0,530,270.0
2005,2020,29,337,337,337,0,0,326,0,168.0
2006,2020,15,109,109,109,0,0,98,0,54.0
2007,2020,21,163,0,0,0,163,0,152,81.0
2008,2020,29,337,163,0,0,337,0,326,168.0
2009,2020,37,433,337,1,0,432,0,422,216.0
2010,2020,35,409,0,0,0,409,0,398,204.0
2011,2020,18,205,0,0,0,205,0,194,102.0
2012,2020,37,433,0,0,0,433,0,422,216.0
2013,2020,25,289,0,0,0,289,0,278,144.0
2014,2020,54,637,0,0,0,637,0,626,318.0
2015,2020,20,229,0,0,0,229,0,218,114.0
2016,2020,20,169,0,0,0,169,0,158,84.0
2017,2020,30,349,169,0,0,349,0,338,174.0
2018,2020,26,301,0,0,0,301,0,290,150.0
2019,2020,44,517,349,0,0,517,0,506,258.0
2020,2020,39,457,0,0,0,457,0,446,228.0
2021,2020,18,205,0,0,0,205,0,194,102.0
2022,2020,33,385,0,0,0,385,0,374,192.0
2023,2020,30,349,457,0,0,349,0,338,174.0
2101,2021,26,301,0,0,0,301,0,290,150.0
2102,2021,73,865,0,0,0,865,0,854,432.0
2103,2021,33,385,0,0,0,385,0,374,192.0
2104,2021,16,121,0,0,0,121,0,110,60.0
2105,2021,34,397,121,0,0,397,0,386,198.0
2106,2021,81,697,0,0,0,697,0,686,348.0
2107,2021,42,337,97,0,0,337,0,326,168.0
2108,2021,35,409,0,0,0,409,0,398,204.0
2109,2021,72,637,337,0,0,637,0,626,318.0
2110,2021,32,373,0,0,0,373,0,362,186.0
2111,2021,19,217,540,217,0,0,206,0,108.0
2112,2021,47,553,373,0,0,553,0,542,276.0
2113,2021,34,397,210,0,0,397,0,386,198.0
2114,2021,56,661,553,0,0,661,0,650,330.0
2115,2021,16,181,0,0,0,181,0,170,90.0
2116,2021,58,685,0,0,0,685,0,674,342.0
2117,2021,26,205,661,0,0,205,0,194,102.0
2118,2021,33,313,0,0,0,313,0,302,156.0
2119,2021,45,529,0,0,0,529,0,518,264.0
2120,2021,35,409,205,0,0,409,0,398,204.0
2121,2021,24,277,0,0,0,277,0,266,138.0
2122,2021,38,445,0,0,0,445,0,434,222.0
2201,2022,45,529,0,0,0,529,0,518,264.0
2202,2022,13,145,0,0,0,145,0,134,72.0
2203,2022,56,409,409,409,0,0,398,0,204.0
2204,2022,43,505,0,0,0,505,0,494,252.0
2205,2022,20,229,229,229,0,0,218,0,114.0
2206,2022,11,121,0,0,0,121,0,110,60.0
2207,2022,17,133,49,0,0,133,0,122,66.0
2208,2022,27,313,133,61,0,252,50,252,156.0
2209,2022,26,241,0,0,0,241,0,230,120.0
2210,2022,24,277,241,241,0,36,230,36,138.0
2211,2022,49,577,0,0,0,577,0,566,288.0
2212,2022,57,511,577,121,0,390,110,390,255.0
2213,2022,36,421,0,0,0,421,0,410,210.0
2214,2022,31,361,511,199,0,162,188,162,180.0
2215,2022,25,289,0,0,0,289,0,278,144.0
2216,2022,32,373,0,0,0,373,0,362,186.0
2217,2022,32,373,289,97,0,276,86,276,186.0
2218,2022,31,361,0,0,0,361,0,350,180.0
2219,2022,9,97,0,0,0,97,0,86,48.0
2220,2022,23,265,0,0,0,265,0,254,132.0
2221,2022,13,145,0,0,0,145,0,134,72.0
2222,2022,37,373,0,0,0,373,0,362,186.0
2223,2022,15,169,265,0,0,169,0,158,84.0
2224,2022,11,121,0,0,0,121,0,110,60.0
2225,2022,14,157,157,0,0,157,0,146,78.0
2301,2023,15,169,0,0,0,169,0,158,84.0
2302,2023,60,709,0,0,0,709,0,698,354.0
2303,2023,46,541,709,0,0,541,0,530,270.0
2304,2023,31,265,0,0,0,265,0,254,132.0
2305,2023,59,505,265,0,0,505,0,494,252.0
2306,2023,66,781,504,228,0,553,217,553,390.0
2307,2023,44,517,0,0,0,517,0,506,258.0
2308,2023,86,1021,0,0,0,1021,0,1010,510.0
2309,2023,56,577,0,0,0,577,0,566,288.0
2310,2023,28,325,577,325,0,0,314,0,162.0
2311,2023,91,685,0,0,0,685,0,674,342.0
2312,2023,30,349,0,0,0,349,0,338,174.0
2313,2023,16,181,0,0,0,181,0,170,90.0
2314,2023,48,517,0,0,0,517,0,506,258.0
2315,2023,39,457,97,0,0,457,0,446,228.0
2316,2023,28,187,517,0,0,187,0,176,93.0
2317,2023,11,121,0,0,0,121,0,110,60.0
2401,2024,38,445,0,0,0,445,0,434,222.0
2402,2024,23,145,145,145,0,0,134,0,72.0
2403,2024,54,433,109,0,0,433,0,422,216.0
2404,2024,32,289,0,0,0,289,0,278,144.0
2405,2024,32,373,289,0,0,373,0,362,186.0
2406,2024,33,385,0,0,0,385,0,374,192.0
2407,2024,38,445,0,0,0,445,0,434,222.0
2408,2024,13,145,0,0,0,145,0,134,72.0
2409,2024,13,145,0,0,0,145,0,134,72.0
2410,2024,48,565,0,0,0,565,0,554,282.0
2411,2024,36,361,0,0,0,361,0,350,180.0
2412,2024,25,289,0,0,0,289,0,278,144.0
2413,2024,51,433,0,0,0,433,0,422,216.0
2414,2024,46,445,0,0,0,445,0,434,222.0
2415,2024,21,241,0,0,0,241,0,230,120.0
2416,2024,18,205,241,0,0,205,0,194,102.0
2417,2024,27,313,97,0,0,313,0,302,156.0
2418,2024,36,349,205,61,0,288,50,288,174.0
2419,2024,32,373,0,0,0,373,0,362,186.0
2420,2024,39,457,349,0,0,457,0,446,228.0
2421,2024,41,421,0,0,0,421,0,410,210.0
2422,2024,42,493,457,0,0,493,0,482,246.0
2423,2024,30,349,0,0,0,349,0,338,174.0
2424,2024,47,553,0,0,0,553,0,542,276.0
2425,2024,27,313,0,0,0,313,0,302,156.0
2426,2024,16,181,0,0,0,181,0,170,90.0
2501,2025,35,253,0,0,0,253,0,242,126.0
2502,2025,22,253,0,0,0,253,0,242,126.0
2503,2025,30,349,0,0,0,349,0,338,174.0
2504,2025,54,385,0,0,0,385,0,374,192.0
2505,2025,24,277,0,0,0,277,0,266,138.0
2506,2025,34,313,0,0,0,313,0,302,156.0
2507,2025,22,205,0,0,0,205,0,194,102.0
2508,2025,66,547,0,0,0,547,0,536,273.0
2509,2025,54,637,0,0,0,637,0,626,318.0
2510,2025,27,313,0,0,0,313,0,302,156.0
2511,2025,48,433,0,0,0,433,0,422,216.0
2512,2025,24,277,0,0,0,277,0,266,138.0
2513,2025,23,265,0,0,0,265,0,254,132.0
2514,2025,14,157,0,0,0,157,0,146,78.0
2515,2025,35,409,0,0,0,409,0,398,204.0
2516,2025,26,199,0,0,0,199,0,188,99.0
2517,2025,23,181,0,0,0,181,0,170,90.0
2518,2025,44,409,0,0,0,409,0,398,204.0
2519,2025,55,649,0,0,0,649,0,638,324.0
2520,2025,31,361,0,0,0,361,0,350,180.0
2521,2025,31,265,0,0,0,265,0,254,132.0
2522,2025,31,361,0,0,0,361,0,350,180.0
2523,2025,36,421,0,0,0,421,0,410,210.0
2524,2025,27,313,0,0,0,313,0,302,156.0
2525,2025,29,337,0,0,0,337,0,326,168.0
2526,2025,39,409,0,0,0,409,0,398,204.0
2527,2025,40,469,0,0,0,469,0,458,234.0
