axis,contrast,baseline,candidate,metric,threshold_mmh,typhoon_id,diff
AxisI,I3 - I2,I2,I3,MAE_event,,2203,0.018834588498941485
AxisI,I3 - I2,I2,I3,MAE_event,,2205,-7.946041453676944e-05
AxisI,I3 - I2,I2,I3,MAE_event,,2208,-0.029015921940867884
AxisI,I3 - I2,I2,I3,MAE_event,,2210,-0.014354403953192511
AxisI,I3 - I2,I2,I3,MAE_event,,2212,-0.016574798877989586
AxisI,I3 - I2,I2,I3,MAE_event,,2214,-0.01627427087241558
AxisI,I3 - I2,I2,I3,MAE_event,,2217,-0.022500735186893404
AxisI,I3 - I2,I2,I3,RMSE_event,,2203,0.0330084185136319
AxisI,I3 - I2,I2,I3,RMSE_event,,2205,-0.00019460880289690063
AxisI,I3 - I2,I2,I3,RMSE_event,,2208,-0.044874848478092505
AxisI,I3 - I2,I2,I3,RMSE_event,,2210,-0.036086856817189476
AxisI,I3 - I2,I2,I3,RMSE_event,,2212,-0.04792522768151832
AxisI,I3 - I2,I2,I3,RMSE_event,,2214,-0.017606183046290247
AxisI,I3 - I2,I2,I3,RMSE_event,,2217,0.018456165259782886
AxisI,I3 - I2,I2,I3,SSIM_event_mean,,2203,0.0033637590827104713
AxisI,I3 - I2,I2,I3,SSIM_event_mean,,2205,-0.0009844504987597258
AxisI,I3 - I2,I2,I3,SSIM_event_mean,,2208,-0.002336841709674742
AxisI,I3 - I2,I2,I3,SSIM_event_mean,,2210,-0.0015392832411225132
AxisI,I3 - I2,I2,I3,SSIM_event_mean,,2212,-0.0013778930775990572
AxisI,I3 - I2,I2,I3,SSIM_event_mean,,2214,-0.0015378449280887274
AxisI,I3 - I2,I2,I3,SSIM_event_mean,,2217,-0.0017534065209059424
AxisI,I3 - I2,I2,I3,CSI,5,2203,0.006932512752737541
AxisI,I3 - I2,I2,I3,CSI,5,2205,0.008947133653990358
AxisI,I3 - I2,I2,I3,CSI,5,2214,0.029411764705882353
AxisI,I3 - I2,I2,I3,CSI,5,2217,0.03304154840857554
AxisI,I3 - I2,I2,I3,POD,5,2203,-0.003922364045662818
AxisI,I3 - I2,I2,I3,POD,5,2205,-0.004427411209651733
AxisI,I3 - I2,I2,I3,POD,5,2214,0.03125
AxisI,I3 - I2,I2,I3,POD,5,2217,0.03346203346203336
AxisI,I3 - I2,I2,I3,FAR,5,2203,0.016084110535276364
AxisI,I3 - I2,I2,I3,FAR,5,2205,0.025986226184099348
AxisI,I3 - I2,I2,I3,FAR,5,2214,0.33333333333333337
AxisI,I3 - I2,I2,I3,FAR,5,2217,0.012798683045153275
AxisI,I3 - I2,I2,I3,HSS,5,2203,0.00652620008606819
AxisI,I3 - I2,I2,I3,HSS,5,2205,0.00867374226380957
AxisI,I3 - I2,I2,I3,HSS,5,2214,0.05714447590101435
AxisI,I3 - I2,I2,I3,HSS,5,2217,0.024358581487266218
AxisI,I3 - I2,I2,I3,ACC,5,2203,0.0011038732047032873
AxisI,I3 - I2,I2,I3,ACC,5,2205,0.0006001790364583703
AxisI,I3 - I2,I2,I3,ACC,5,2208,0.0
AxisI,I3 - I2,I2,I3,ACC,5,2210,0.0
AxisI,I3 - I2,I2,I3,ACC,5,2212,0.0
AxisI,I3 - I2,I2,I3,ACC,5,2214,1.6407300067466934e-06
AxisI,I3 - I2,I2,I3,ACC,5,2217,0.00018310546875
AxisI,I3 - I2,I2,I3,BIAS,5,2203,-0.02830501308406952
AxisI,I3 - I2,I2,I3,BIAS,5,2205,-0.03824176432336701
AxisI,I3 - I2,I2,I3,BIAS,5,2214,-0.09375
AxisI,I3 - I2,I2,I3,BIAS,5,2217,0.026383526383526368
AxisI,I3 - I2,I2,I3,CSI,10,2203,0.005945708440841246
AxisI,I3 - I2,I2,I3,CSI,10,2205,0.008564517389370252
AxisI,I3 - I2,I2,I3,CSI,10,2214,0.0
AxisI,I3 - I2,I2,I3,CSI,10,2217,0.05832988707970305
AxisI,I3 - I2,I2,I3,POD,10,2203,-0.005632800933010218
AxisI,I3 - I2,I2,I3,POD,10,2205,0.005721096543504167
AxisI,I3 - I2,I2,I3,POD,10,2214,0.0
AxisI,I3 - I2,I2,I3,POD,10,2217,0.06846321922796794
AxisI,I3 - I2,I2,I3,FAR,10,2203,0.02007636866212864
AxisI,I3 - I2,I2,I3,FAR,10,2205,0.01708682491413277
AxisI,I3 - I2,I2,I3,FAR,10,2217,0.018040198064047747
AxisI,I3 - I2,I2,I3,HSS,10,2203,0.006057019989850754
AxisI,I3 - I2,I2,I3,HSS,10,2205,0.009844930724923484
AxisI,I3 - I2,I2,I3,HSS,10,2214,0.0
AxisI,I3 - I2,I2,I3,HSS,10,2217,0.05015262175678303
AxisI,I3 - I2,I2,I3,ACC,10,2203,0.00047656743213386754
AxisI,I3 - I2,I2,I3,ACC,10,2205,0.00010539867259840019
AxisI,I3 - I2,I2,I3,ACC,10,2208,0.0
AxisI,I3 - I2,I2,I3,ACC,10,2210,0.0
AxisI,I3 - I2,I2,I3,ACC,10,2212,0.0
AxisI,I3 - I2,I2,I3,ACC,10,2214,0.0
AxisI,I3 - I2,I2,I3,ACC,10,2217,0.00013514927455349213
AxisI,I3 - I2,I2,I3,BIAS,10,2203,-0.03684066865730895
AxisI,I3 - I2,I2,I3,BIAS,10,2205,-0.010786650774731843
AxisI,I3 - I2,I2,I3,BIAS,10,2214,0.0
AxisI,I3 - I2,I2,I3,BIAS,10,2217,0.06919155134741439
AxisI,I3 - I2,I2,I3,CSI,20,2203,0.0030270834096573496
AxisI,I3 - I2,I2,I3,CSI,20,2205,-0.024330324803167547
AxisI,I3 - I2,I2,I3,CSI,20,2217,0.11363636363636362
AxisI,I3 - I2,I2,I3,POD,20,2203,-0.0046090149207093645
AxisI,I3 - I2,I2,I3,POD,20,2205,-0.030120481927710857
AxisI,I3 - I2,I2,I3,POD,20,2217,0.13606911447084233
AxisI,I3 - I2,I2,I3,FAR,20,2203,0.02156132172481201
AxisI,I3 - I2,I2,I3,FAR,20,2205,-0.019850138587900912
AxisI,I3 - I2,I2,I3,FAR,20,2217,0.05089628681177977
AxisI,I3 - I2,I2,I3,HSS,20,2203,0.0036887112054961313
AxisI,I3 - I2,I2,I3,HSS,20,2205,-0.03277430414720617
AxisI,I3 - I2,I2,I3,HSS,20,2217,0.15214297389725034
AxisI,I3 - I2,I2,I3,ACC,20,2203,0.00014164471867106343
AxisI,I3 - I2,I2,I3,ACC,20,2205,-2.2323043258110076e-05
AxisI,I3 - I2,I2,I3,ACC,20,2208,0.0
AxisI,I3 - I2,I2,I3,ACC,20,2210,0.0
AxisI,I3 - I2,I2,I3,ACC,20,2212,0.0
AxisI,I3 - I2,I2,I3,ACC,20,2214,0.0
AxisI,I3 - I2,I2,I3,ACC,20,2217,3.269740513389685e-05
AxisI,I3 - I2,I2,I3,BIAS,20,2203,-0.033148451943858515
AxisI,I3 - I2,I2,I3,BIAS,20,2205,-0.03644578313253022
AxisI,I3 - I2,I2,I3,BIAS,20,2217,0.17494600431965435
AxisI,I3 - I2,I2,I3,CSI,30,2203,-0.01134532851921527
AxisI,I3 - I2,I2,I3,CSI,30,2205,-0.046497331762422905
AxisI,I3 - I2,I2,I3,CSI,30,2217,0.0
AxisI,I3 - I2,I2,I3,POD,30,2203,-0.01761819803746653
AxisI,I3 - I2,I2,I3,POD,30,2205,-0.06054872280037843
AxisI,I3 - I2,I2,I3,POD,30,2217,0.0
AxisI,I3 - I2,I2,I3,FAR,30,2203,0.015603370098847269
AxisI,I3 - I2,I2,I3,FAR,30,2205,0.005297295240993649
AxisI,I3 - I2,I2,I3,HSS,30,2203,-0.0163971291585997
AxisI,I3 - I2,I2,I3,HSS,30,2205,-0.06990591666327131
AxisI,I3 - I2,I2,I3,HSS,30,2217,0.0
AxisI,I3 - I2,I2,I3,ACC,30,2203,2.0653310448204287e-05
AxisI,I3 - I2,I2,I3,ACC,30,2205,-3.108271846130606e-06
AxisI,I3 - I2,I2,I3,ACC,30,2208,0.0
AxisI,I3 - I2,I2,I3,ACC,30,2210,0.0
AxisI,I3 - I2,I2,I3,ACC,30,2212,0.0
AxisI,I3 - I2,I2,I3,ACC,30,2214,0.0
AxisI,I3 - I2,I2,I3,ACC,30,2217,0.0
AxisI,I3 - I2,I2,I3,BIAS,30,2203,-0.04270740410347895
AxisI,I3 - I2,I2,I3,BIAS,30,2205,-0.11069063386944178
AxisI,I3 - I2,I2,I3,BIAS,30,2217,0.0
AxisI,I4 - I3,I3,I4,MAE_event,,2203,-0.02571093259796975
AxisI,I4 - I3,I3,I4,MAE_event,,2205,0.0018204480365131004
AxisI,I4 - I3,I3,I4,MAE_event,,2208,0.023289715419044416
AxisI,I4 - I3,I3,I4,MAE_event,,2210,0.006896029921176305
AxisI,I4 - I3,I3,I4,MAE_event,,2212,-0.015488691837289383
AxisI,I4 - I3,I3,I4,MAE_event,,2214,0.005686853109363576
AxisI,I4 - I3,I3,I4,MAE_event,,2217,0.018918725279641918
AxisI,I4 - I3,I3,I4,RMSE_event,,2203,-0.009243370916841798
AxisI,I4 - I3,I3,I4,RMSE_event,,2205,0.005756747224162417
AxisI,I4 - I3,I3,I4,RMSE_event,,2208,0.029884520658345556
AxisI,I4 - I3,I3,I4,RMSE_event,,2210,0.018453887035571336
AxisI,I4 - I3,I3,I4,RMSE_event,,2212,-0.033432432313287054
AxisI,I4 - I3,I3,I4,RMSE_event,,2214,0.008048450949587366
AxisI,I4 - I3,I3,I4,RMSE_event,,2217,-0.010103990771904214
AxisI,I4 - I3,I3,I4,SSIM_event_mean,,2203,-0.002895408435496627
AxisI,I4 - I3,I3,I4,SSIM_event_mean,,2205,0.0024980810843712176
AxisI,I4 - I3,I3,I4,SSIM_event_mean,,2208,0.0021542827577476498
AxisI,I4 - I3,I3,I4,SSIM_event_mean,,2210,0.0012289402481874268
AxisI,I4 - I3,I3,I4,SSIM_event_mean,,2212,-0.002517551881800917
AxisI,I4 - I3,I3,I4,SSIM_event_mean,,2214,0.0008861184415001055
AxisI,I4 - I3,I3,I4,SSIM_event_mean,,2217,0.0019326947685602835
AxisI,I4 - I3,I3,I4,CSI,5,2203,-0.0016702291360923827
AxisI,I4 - I3,I3,I4,CSI,5,2205,-0.005969898125348705
AxisI,I4 - I3,I3,I4,CSI,5,2214,-0.0016339869281045763
AxisI,I4 - I3,I3,I4,CSI,5,2217,-0.01746287592772766
AxisI,I4 - I3,I3,I4,POD,5,2203,0.012581275496794664
AxisI,I4 - I3,I3,I4,POD,5,2205,-0.011704968385516823
AxisI,I4 - I3,I3,I4,POD,5,2214,0.0
AxisI,I4 - I3,I3,I4,POD,5,2217,-0.03008365508365507
AxisI,I4 - I3,I3,I4,FAR,5,2203,-0.015698949285270547
AxisI,I4 - I3,I3,I4,FAR,5,2205,0.0037747915512947317
AxisI,I4 - I3,I3,I4,FAR,5,2214,-0.13333333333333341
AxisI,I4 - I3,I3,I4,FAR,5,2217,0.00926606969454058
AxisI,I4 - I3,I3,I4,HSS,5,2203,-0.0018772018464124907
AxisI,I4 - I3,I3,I4,HSS,5,2205,-0.005560248014881086
AxisI,I4 - I3,I3,I4,HSS,5,2214,-0.0030897904548987873
AxisI,I4 - I3,I3,I4,HSS,5,2217,-0.012735368258209201
AxisI,I4 - I3,I3,I4,ACC,5,2203,-0.000816114021070069
AxisI,I4 - I3,I3,I4,ACC,5,2205,-5.058006004055038e-05
AxisI,I4 - I3,I3,I4,ACC,5,2208,0.0
AxisI,I4 - I3,I3,I4,ACC,5,2210,0.0
AxisI,I4 - I3,I3,I4,ACC,5,2212,0.0
AxisI,I4 - I3,I3,I4,ACC,5,2214,-6.56292002632064e-07
AxisI,I4 - I3,I3,I4,ACC,5,2217,-6.612141927075932e-05
AxisI,I4 - I3,I3,I4,BIAS,5,2203,0.018754785112728767
AxisI,I4 - I3,I3,I4,BIAS,5,2205,-0.020933353625634643
AxisI,I4 - I3,I3,I4,BIAS,5,2214,0.0625
AxisI,I4 - I3,I3,I4,BIAS,5,2217,-0.04552767052767048
AxisI,I4 - I3,I3,I4,CSI,10,2203,0.0012990523028013623
AxisI,I4 - I3,I3,I4,CSI,10,2205,-0.007604441983525667
AxisI,I4 - I3,I3,I4,CSI,10,2214,0.0
AxisI,I4 - I3,I3,I4,CSI,10,2217,-0.016596847682746718
AxisI,I4 - I3,I3,I4,POD,10,2203,0.022225163152714278
AxisI,I4 - I3,I3,I4,POD,10,2205,-0.012872467222884376
AxisI,I4 - I3,I3,I4,POD,10,2214,0.0
AxisI,I4 - I3,I3,I4,POD,10,2217,-0.028404952658412252
AxisI,I4 - I3,I3,I4,FAR,10,2203,-0.024113386797389225
AxisI,I4 - I3,I3,I4,FAR,10,2205,0.000983745489684218
AxisI,I4 - I3,I3,I4,FAR,10,2217,0.009705752100935078
AxisI,I4 - I3,I3,I4,HSS,10,2203,0.0009946036149458548
AxisI,I4 - I3,I3,I4,HSS,10,2205,-0.008679666427907407
AxisI,I4 - I3,I3,I4,HSS,10,2214,0.0
AxisI,I4 - I3,I3,I4,HSS,10,2217,-0.01387442705825881
AxisI,I4 - I3,I3,I4,ACC,10,2203,-0.00046192515980114646
AxisI,I4 - I3,I3,I4,ACC,10,2205,-1.4693648726860076e-05
AxisI,I4 - I3,I3,I4,ACC,10,2208,0.0
AxisI,I4 - I3,I3,I4,ACC,10,2210,0.0
AxisI,I4 - I3,I3,I4,ACC,10,2212,0.0
AxisI,I4 - I3,I3,I4,ACC,10,2214,0.0
AxisI,I4 - I3,I3,I4,ACC,10,2217,-2.325148809523281e-05
AxisI,I4 - I3,I3,I4,BIAS,10,2203,0.06923961323087868
AxisI,I4 - I3,I3,I4,BIAS,10,2205,-0.022646007151370662
AxisI,I4 - I3,I3,I4,BIAS,10,2214,0.0
AxisI,I4 - I3,I3,I4,BIAS,10,2217,-0.04515659140568096
AxisI,I4 - I3,I3,I4,CSI,20,2203,0.0030201546645567956
AxisI,I4 - I3,I3,I4,CSI,20,2205,-0.00828487699488023
AxisI,I4 - I3,I3,I4,CSI,20,2217,-0.19164323648859727
AxisI,I4 - I3,I3,I4,POD,20,2203,0.011301200427050018
AxisI,I4 - I3,I3,I4,POD,20,2205,-0.015963855421686768
AxisI,I4 - I3,I3,I4,POD,20,2217,-0.2267818574514039
AxisI,I4 - I3,I3,I4,FAR,20,2203,-0.014145869808587175
AxisI,I4 - I3,I3,I4,FAR,20,2205,0.03032131777986047
AxisI,I4 - I3,I3,I4,FAR,20,2217,-0.03329721921271217
AxisI,I4 - I3,I3,I4,HSS,20,2203,0.0035036741148959383
AxisI,I4 - I3,I3,I4,HSS,20,2205,-0.011440783265615428
AxisI,I4 - I3,I3,I4,HSS,20,2217,-0.27494118037923543
AxisI,I4 - I3,I3,I4,ACC,20,2203,-7.92223997789776e-05
AxisI,I4 - I3,I3,I4,ACC,20,2205,1.4411078559040114e-05
AxisI,I4 - I3,I3,I4,ACC,20,2208,0.0
AxisI,I4 - I3,I3,I4,ACC,20,2210,0.0
AxisI,I4 - I3,I3,I4,ACC,20,2212,0.0
AxisI,I4 - I3,I3,I4,ACC,20,2214,0.0
AxisI,I4 - I3,I3,I4,ACC,20,2217,-4.504975818453438e-05
AxisI,I4 - I3,I3,I4,BIAS,20,2203,0.03598677186678123
AxisI,I4 - I3,I3,I4,BIAS,20,2205,-0.0472891566265059
AxisI,I4 - I3,I3,I4,BIAS,20,2217,-0.3196544276457882
AxisI,I4 - I3,I3,I4,CSI,30,2203,-0.012444591118320997
AxisI,I4 - I3,I3,I4,CSI,30,2205,-0.0031600433991062493
AxisI,I4 - I3,I3,I4,CSI,30,2217,0.0
AxisI,I4 - I3,I3,I4,POD,30,2203,-0.01577832292595896
AxisI,I4 - I3,I3,I4,POD,30,2205,-0.005676442762535483
AxisI,I4 - I3,I3,I4,POD,30,2217,0.0
AxisI,I4 - I3,I3,I4,FAR,30,2203,-0.006195242381815069
AxisI,I4 - I3,I3,I4,FAR,30,2205,0.03056605464840073
AxisI,I4 - I3,I3,I4,HSS,30,2203,-0.01839804773142034
AxisI,I4 - I3,I3,I4,HSS,30,2205,-0.004955389589511555
AxisI,I4 - I3,I3,I4,HSS,30,2217,0.0
AxisI,I4 - I3,I3,I4,ACC,30,2203,-1.880376025886754e-05
AxisI,I4 - I3,I3,I4,ACC,30,2205,3.390842013950568e-06
AxisI,I4 - I3,I3,I4,ACC,30,2208,0.0
AxisI,I4 - I3,I3,I4,ACC,30,2210,0.0
AxisI,I4 - I3,I3,I4,ACC,30,2212,0.0
AxisI,I4 - I3,I3,I4,ACC,30,2214,0.0
AxisI,I4 - I3,I3,I4,ACC,30,2217,0.0
AxisI,I4 - I3,I3,I4,BIAS,30,2203,-0.024754683318465753
AxisI,I4 - I3,I3,I4,BIAS,30,2205,-0.022705771050141932
AxisI,I4 - I3,I3,I4,BIAS,30,2217,0.0
AxisI,I5 - I4,I4,I5,MAE_event,,2203,0.003424190073236466
AxisI,I5 - I4,I4,I5,MAE_event,,2205,0.0018230377769434258
AxisI,I5 - I4,I4,I5,MAE_event,,2208,-0.013037297213107497
AxisI,I5 - I4,I4,I5,MAE_event,,2210,-0.01829132623644606
AxisI,I5 - I4,I4,I5,MAE_event,,2212,0.02108598055829808
AxisI,I5 - I4,I4,I5,MAE_event,,2214,-0.00138181072967598
AxisI,I5 - I4,I4,I5,MAE_event,,2217,-0.010663243291940315
AxisI,I5 - I4,I4,I5,RMSE_event,,2203,-0.004184203372029405
AxisI,I5 - I4,I4,I5,RMSE_event,,2205,-0.004965250993216097
AxisI,I5 - I4,I4,I5,RMSE_event,,2208,-0.019515634434601463
AxisI,I5 - I4,I4,I5,RMSE_event,,2210,-0.03314565190610197
AxisI,I5 - I4,I4,I5,RMSE_event,,2212,0.03899208839434863
AxisI,I5 - I4,I4,I5,RMSE_event,,2214,-0.002688823664888894
AxisI,I5 - I4,I4,I5,RMSE_event,,2217,0.005164620333436065
AxisI,I5 - I4,I4,I5,SSIM_event_mean,,2203,-7.789797204693638e-05
AxisI,I5 - I4,I4,I5,SSIM_event_mean,,2205,-0.0016718257988148633
AxisI,I5 - I4,I4,I5,SSIM_event_mean,,2208,-0.0009016430850237178
AxisI,I5 - I4,I4,I5,SSIM_event_mean,,2210,-0.0016948033648830352
AxisI,I5 - I4,I4,I5,SSIM_event_mean,,2212,0.0030445300877443016
AxisI,I5 - I4,I4,I5,SSIM_event_mean,,2214,-0.00015306549965043992
AxisI,I5 - I4,I4,I5,SSIM_event_mean,,2217,-0.0007433830613264858
AxisI,I5 - I4,I4,I5,CSI,5,2203,0.0024248021736591463
AxisI,I5 - I4,I4,I5,CSI,5,2205,0.006706096194693811
AxisI,I5 - I4,I4,I5,CSI,5,2214,-0.0007507507507507477
AxisI,I5 - I4,I4,I5,CSI,5,2217,0.00782573052842983
AxisI,I5 - I4,I4,I5,POD,5,2203,-0.011767092136988455
AxisI,I5 - I4,I4,I5,POD,5,2205,0.01602169431492728
AxisI,I5 - I4,I4,I5,POD,5,2214,0.0
AxisI,I5 - I4,I4,I5,POD,5,2217,0.021235521235521304
AxisI,I5 - I4,I4,I5,FAR,5,2203,0.016157266979914375
AxisI,I5 - I4,I4,I5,FAR,5,2205,-0.008328387472080312
AxisI,I5 - I4,I4,I5,FAR,5,2214,-0.033333333333333326
AxisI,I5 - I4,I4,I5,FAR,5,2217,-0.013961074723156525
AxisI,I5 - I4,I4,I5,HSS,5,2203,0.002549969160303811
AxisI,I5 - I4,I4,I5,HSS,5,2205,0.00620238380267446
AxisI,I5 - I4,I4,I5,HSS,5,2214,-0.0014229319717632624
AxisI,I5 - I4,I4,I5,HSS,5,2217,0.005729637991679581
AxisI,I5 - I4,I4,I5,ACC,5,2203,0.0008757620146780942
AxisI,I5 - I4,I4,I5,ACC,5,2205,-9.04224537034981e-06
AxisI,I5 - I4,I4,I5,ACC,5,2208,0.0
AxisI,I5 - I4,I4,I5,ACC,5,2210,0.0
AxisI,I5 - I4,I4,I5,ACC,5,2212,0.0
AxisI,I5 - I4,I4,I5,ACC,5,2214,-3.2814600137154315e-07
AxisI,I5 - I4,I4,I5,ACC,5,2217,1.0899135044595276e-05
AxisI,I5 - I4,I4,I5,BIAS,5,2203,-0.018231993692221615
AxisI,I5 - I4,I4,I5,BIAS,5,2205,0.03248612975081966
AxisI,I5 - I4,I4,I5,BIAS,5,2214,0.03125
AxisI,I5 - I4,I4,I5,BIAS,5,2217,0.040057915057915006
AxisI,I5 - I4,I4,I5,CSI,10,2203,-0.0044918417258094645
AxisI,I5 - I4,I4,I5,CSI,10,2205,0.0030053735843160734
AxisI,I5 - I4,I4,I5,CSI,10,2214,0.0
AxisI,I5 - I4,I4,I5,CSI,10,2217,-0.00712853941096625
AxisI,I5 - I4,I4,I5,POD,10,2203,-0.026832314576630156
AxisI,I5 - I4,I4,I5,POD,10,2205,0.004112038140643592
AxisI,I5 - I4,I4,I5,POD,10,2214,0.0
AxisI,I5 - I4,I4,I5,POD,10,2217,0.0010924981791696764
AxisI,I5 - I4,I4,I5,FAR,10,2203,0.023012435010252352
AxisI,I5 - I4,I4,I5,FAR,10,2205,0.0016290122404857277
AxisI,I5 - I4,I4,I5,FAR,10,2217,-0.017539876626919304
AxisI,I5 - I4,I4,I5,HSS,10,2203,-0.0041315000644597255
AxisI,I5 - I4,I4,I5,HSS,10,2205,0.003448810315237527
AxisI,I5 - I4,I4,I5,HSS,10,2214,0.0
AxisI,I5 - I4,I4,I5,HSS,10,2217,-0.006065709104596362
AxisI,I5 - I4,I4,I5,ACC,10,2203,0.00039487896543566325
AxisI,I5 - I4,I4,I5,ACC,10,2205,1.52587890625e-05
AxisI,I5 - I4,I4,I5,ACC,10,2208,0.0
AxisI,I5 - I4,I4,I5,ACC,10,2210,0.0
AxisI,I5 - I4,I4,I5,ACC,10,2212,0.0
AxisI,I5 - I4,I4,I5,ACC,10,2214,0.0
AxisI,I5 - I4,I4,I5,ACC,10,2217,-3.269740513389685e-05
AxisI,I5 - I4,I4,I5,BIAS,10,2203,-0.07485587142987127
AxisI,I5 - I4,I4,I5,BIAS,10,2205,0.005005959475566146
AxisI,I5 - I4,I4,I5,BIAS,10,2214,0.0
AxisI,I5 - I4,I4,I5,BIAS,10,2217,0.018572469045884943
AxisI,I5 - I4,I4,I5,CSI,20,2203,0.0003722505099382767
AxisI,I5 - I4,I4,I5,CSI,20,2205,0.01932407658634777
AxisI,I5 - I4,I4,I5,CSI,20,2217,0.09549862202715116
AxisI,I5 - I4,I4,I5,POD,20,2203,-0.0030726766138062245
AxisI,I5 - I4,I4,I5,POD,20,2205,0.03132530120481927
AxisI,I5 - I4,I4,I5,POD,20,2217,0.10799136069114469
AxisI,I5 - I4,I4,I5,FAR,20,2203,0.007991268056351752
AxisI,I5 - I4,I4,I5,FAR,20,2205,-0.029796758886202868
AxisI,I5 - I4,I4,I5,FAR,20,2217,0.027350427350427364
AxisI,I5 - I4,I4,I5,HSS,20,2203,0.000474554775301228
AxisI,I5 - I4,I4,I5,HSS,20,2205,0.02646764441916538
AxisI,I5 - I4,I4,I5,HSS,20,2217,0.14812268030276113
AxisI,I5 - I4,I4,I5,ACC,20,2203,5.132501775562126e-05
AxisI,I5 - I4,I4,I5,ACC,20,2205,-1.017252604162966e-05
AxisI,I5 - I4,I4,I5,ACC,20,2208,0.0
AxisI,I5 - I4,I4,I5,ACC,20,2210,0.0
AxisI,I5 - I4,I4,I5,ACC,20,2212,0.0
AxisI,I5 - I4,I4,I5,ACC,20,2214,0.0
AxisI,I5 - I4,I4,I5,ACC,20,2217,2.1798270089301575e-05
AxisI,I5 - I4,I4,I5,BIAS,20,2203,-0.014816550790302863
AxisI,I5 - I4,I4,I5,BIAS,20,2205,0.0734939759036144
AxisI,I5 - I4,I4,I5,BIAS,20,2217,0.1511879049676026
AxisI,I5 - I4,I4,I5,CSI,30,2203,0.033349182658519855
AxisI,I5 - I4,I4,I5,CSI,30,2205,0.037701375802315196
AxisI,I5 - I4,I4,I5,CSI,30,2217,0.0
AxisI,I5 - I4,I4,I5,POD,30,2203,0.045272078501338076
AxisI,I5 - I4,I4,I5,POD,30,2205,0.05108798486281932
AxisI,I5 - I4,I4,I5,POD,30,2217,0.0
AxisI,I5 - I4,I4,I5,FAR,30,2203,-0.0001584257456161975
AxisI,I5 - I4,I4,I5,FAR,30,2205,-0.04294389820705613
AxisI,I5 - I4,I4,I5,HSS,30,2203,0.04841340086184248
AxisI,I5 - I4,I4,I5,HSS,30,2205,0.05741714715411955
AxisI,I5 - I4,I4,I5,HSS,30,2217,0.0
AxisI,I5 - I4,I4,I5,ACC,30,2203,2.2348731455235082e-05
AxisI,I5 - I4,I4,I5,ACC,30,2205,-2.5431315104906815e-06
AxisI,I5 - I4,I4,I5,ACC,30,2208,0.0
AxisI,I5 - I4,I4,I5,ACC,30,2210,0.0
AxisI,I5 - I4,I4,I5,ACC,30,2212,0.0
AxisI,I5 - I4,I4,I5,ACC,30,2214,0.0
AxisI,I5 - I4,I4,I5,ACC,30,2217,0.0
AxisI,I5 - I4,I4,I5,BIAS,30,2203,0.08245985727029437
AxisI,I5 - I4,I4,I5,BIAS,30,2205,0.11069063386944178
AxisI,I5 - I4,I4,I5,BIAS,30,2217,0.0
AxisII,P1 - P0,P0,P1,MAE_event,,2203,0.040472216792315496
AxisII,P1 - P0,P0,P1,MAE_event,,2205,0.015027254794423711
AxisII,P1 - P0,P0,P1,MAE_event,,2208,0.019088739821881973
AxisII,P1 - P0,P0,P1,MAE_event,,2210,0.025732311434223862
AxisII,P1 - P0,P0,P1,MAE_event,,2212,0.010690985623248841
AxisII,P1 - P0,P0,P1,MAE_event,,2214,0.012537425673159597
AxisII,P1 - P0,P0,P1,MAE_event,,2217,0.017844453277290832
AxisII,P1 - P0,P0,P1,RMSE_event,,2203,0.0032391814514500794
AxisII,P1 - P0,P0,P1,RMSE_event,,2205,0.0009311170202033203
AxisII,P1 - P0,P0,P1,RMSE_event,,2208,0.036506498962863794
AxisII,P1 - P0,P0,P1,RMSE_event,,2210,0.049686351503354834
AxisII,P1 - P0,P0,P1,RMSE_event,,2212,0.0346952468929452
AxisII,P1 - P0,P0,P1,RMSE_event,,2214,0.012319903320955325
AxisII,P1 - P0,P0,P1,RMSE_event,,2217,-0.0022157618135226764
AxisII,P1 - P0,P0,P1,SSIM_event_mean,,2203,0.004070769533398466
AxisII,P1 - P0,P0,P1,SSIM_event_mean,,2205,0.0011694228691118136
AxisII,P1 - P0,P0,P1,SSIM_event_mean,,2208,0.0010841386693056787
AxisII,P1 - P0,P0,P1,SSIM_event_mean,,2210,0.0019921496209246436
AxisII,P1 - P0,P0,P1,SSIM_event_mean,,2212,0.0008405061161859129
AxisII,P1 - P0,P0,P1,SSIM_event_mean,,2214,0.0007898264572321345
AxisII,P1 - P0,P0,P1,SSIM_event_mean,,2217,0.0008730501640189514
AxisII,P1 - P0,P0,P1,CSI,5,2203,-0.0015580375388836165
AxisII,P1 - P0,P0,P1,CSI,5,2205,-0.014970434761824969
AxisII,P1 - P0,P0,P1,CSI,5,2214,0.0007507507507507477
AxisII,P1 - P0,P0,P1,CSI,5,2217,-0.0139717339846398
AxisII,P1 - P0,P0,P1,POD,5,2203,-0.015060963764555346
AxisII,P1 - P0,P0,P1,POD,5,2205,-0.03439545083498208
AxisII,P1 - P0,P0,P1,POD,5,2214,0.0
AxisII,P1 - P0,P0,P1,POD,5,2217,-0.027992277992277992
AxisII,P1 - P0,P0,P1,FAR,5,2203,0.013863060364222801
AxisII,P1 - P0,P0,P1,FAR,5,2205,0.01787097578834007
AxisII,P1 - P0,P0,P1,FAR,5,2214,0.033333333333333326
AxisII,P1 - P0,P0,P1,FAR,5,2217,0.012445043766827063
AxisII,P1 - P0,P0,P1,HSS,5,2203,-0.0010185566179563565
AxisII,P1 - P0,P0,P1,HSS,5,2205,-0.013930527900223644
AxisII,P1 - P0,P0,P1,HSS,5,2214,0.0014229319717632624
AxisII,P1 - P0,P0,P1,HSS,5,2217,-0.010280828473378412
AxisII,P1 - P0,P0,P1,ACC,5,2203,0.0005107841106376521
AxisII,P1 - P0,P0,P1,ACC,5,2205,2.8257016781996214e-07
AxisII,P1 - P0,P0,P1,ACC,5,2208,0.0
AxisII,P1 - P0,P0,P1,ACC,5,2210,0.0
AxisII,P1 - P0,P0,P1,ACC,5,2212,0.0
AxisII,P1 - P0,P0,P1,ACC,5,2214,3.2814600137154315e-07
AxisII,P1 - P0,P0,P1,ACC,5,2217,-4.286993117552651e-05
AxisII,P1 - P0,P0,P1,BIAS,5,2203,-0.039589308772611465
AxisII,P1 - P0,P0,P1,BIAS,5,2205,-0.06880473732999426
AxisII,P1 - P0,P0,P1,BIAS,5,2214,-0.03125
AxisII,P1 - P0,P0,P1,BIAS,5,2217,-0.0464929214929215
AxisII,P1 - P0,P0,P1,CSI,10,2203,0.0013259048544034258
AxisII,P1 - P0,P0,P1,CSI,10,2205,-0.007739807433321033
AxisII,P1 - P0,P0,P1,CSI,10,2214,0.0
AxisII,P1 - P0,P0,P1,CSI,10,2217,-0.01456493478084242
AxisII,P1 - P0,P0,P1,POD,10,2203,-0.002431781900594676
AxisII,P1 - P0,P0,P1,POD,10,2205,-0.019666269368295575
AxisII,P1 - P0,P0,P1,POD,10,2214,0.0
AxisII,P1 - P0,P0,P1,POD,10,2217,-0.020029133284777845
AxisII,P1 - P0,P0,P1,FAR,10,2203,0.0062696802502220095
AxisII,P1 - P0,P0,P1,FAR,10,2205,0.017157410381462568
AxisII,P1 - P0,P0,P1,FAR,10,2217,0.00041484320422602305
AxisII,P1 - P0,P0,P1,HSS,10,2203,0.0013673615942191297
AxisII,P1 - P0,P0,P1,HSS,10,2205,-0.008844284736686359
AxisII,P1 - P0,P0,P1,HSS,10,2214,0.0
AxisII,P1 - P0,P0,P1,HSS,10,2217,-0.012545565306597783
AxisII,P1 - P0,P0,P1,ACC,10,2203,0.00013363000118371549
AxisII,P1 - P0,P0,P1,ACC,10,2205,5.453604239002985e-05
AxisII,P1 - P0,P0,P1,ACC,10,2208,0.0
AxisII,P1 - P0,P0,P1,ACC,10,2210,0.0
AxisII,P1 - P0,P0,P1,ACC,10,2212,0.0
AxisII,P1 - P0,P0,P1,ACC,10,2214,0.0
AxisII,P1 - P0,P0,P1,ACC,10,2217,-2.833775111610315e-05
AxisII,P1 - P0,P0,P1,BIAS,10,2203,-0.01203483899784119
AxisII,P1 - P0,P0,P1,BIAS,10,2205,-0.05083432657926101
AxisII,P1 - P0,P0,P1,BIAS,10,2214,0.0
AxisII,P1 - P0,P0,P1,BIAS,10,2217,-0.025855790240349674
AxisII,P1 - P0,P0,P1,CSI,20,2203,0.006114586073445838
AxisII,P1 - P0,P0,P1,CSI,20,2205,0.0005454474086382111
AxisII,P1 - P0,P0,P1,CSI,20,2217,0.0503377081894236
AxisII,P1 - P0,P0,P1,POD,20,2203,0.010728328516001362
AxisII,P1 - P0,P0,P1,POD,20,2205,-0.002108433734939741
AxisII,P1 - P0,P0,P1,POD,20,2217,0.06047516198704103
AxisII,P1 - P0,P0,P1,FAR,20,2203,-0.0012429428566154144
AxisII,P1 - P0,P0,P1,FAR,20,2205,0.014840606623336416
AxisII,P1 - P0,P0,P1,FAR,20,2217,0.006513409961685812
AxisII,P1 - P0,P0,P1,HSS,20,2203,0.007162103043983015
AxisII,P1 - P0,P0,P1,HSS,20,2205,0.0007447728113110785
AxisII,P1 - P0,P0,P1,HSS,20,2217,0.0688596973713907
AxisII,P1 - P0,P0,P1,ACC,20,2203,8.322975852292913e-06
AxisII,P1 - P0,P0,P1,ACC,20,2205,9.889955873809697e-06
AxisII,P1 - P0,P0,P1,ACC,20,2208,0.0
AxisII,P1 - P0,P0,P1,ACC,20,2210,0.0
AxisII,P1 - P0,P0,P1,ACC,20,2212,0.0
AxisII,P1 - P0,P0,P1,ACC,20,2214,0.0
AxisII,P1 - P0,P0,P1,ACC,20,2217,1.235235305052651e-05
AxisII,P1 - P0,P0,P1,BIAS,20,2203,0.020050516886701564
AxisII,P1 - P0,P0,P1,BIAS,20,2205,-0.014759036144578297
AxisII,P1 - P0,P0,P1,BIAS,20,2217,0.08423326133909281
AxisII,P1 - P0,P0,P1,CSI,30,2203,0.007695068615788475
AxisII,P1 - P0,P0,P1,CSI,30,2205,0.0012378044733523663
AxisII,P1 - P0,P0,P1,CSI,30,2217,0.0
AxisII,P1 - P0,P0,P1,POD,30,2203,0.010425958965209647
AxisII,P1 - P0,P0,P1,POD,30,2205,0.0037842951750236553
AxisII,P1 - P0,P0,P1,POD,30,2217,0.0
AxisII,P1 - P0,P0,P1,FAR,30,2203,0.002396530124648022
AxisII,P1 - P0,P0,P1,FAR,30,2205,-0.01694976042234525
AxisII,P1 - P0,P0,P1,HSS,30,2203,0.010796104664217432
AxisII,P1 - P0,P0,P1,HSS,30,2205,0.0018189397271696217
AxisII,P1 - P0,P0,P1,HSS,30,2217,0.0
AxisII,P1 - P0,P0,P1,ACC,30,2203,1.0326655224046632e-05
AxisII,P1 - P0,P0,P1,ACC,30,2205,-3.1082718460195835e-06
AxisII,P1 - P0,P0,P1,ACC,30,2208,0.0
AxisII,P1 - P0,P0,P1,ACC,30,2210,0.0
AxisII,P1 - P0,P0,P1,ACC,30,2212,0.0
AxisII,P1 - P0,P0,P1,ACC,30,2214,0.0
AxisII,P1 - P0,P0,P1,ACC,30,2217,0.0
AxisII,P1 - P0,P0,P1,BIAS,30,2203,0.017116413916146378
AxisII,P1 - P0,P0,P1,BIAS,30,2205,0.01797540208136239
AxisII,P1 - P0,P0,P1,BIAS,30,2217,0.0
AxisII,P2 - P0,P0,P2,MAE_event,,2203,-0.7813518501679221
AxisII,P2 - P0,P0,P2,MAE_event,,2205,-0.2510400949200987
AxisII,P2 - P0,P0,P2,MAE_event,,2208,-0.16320341660218673
AxisII,P2 - P0,P0,P2,MAE_event,,2210,-0.003132151182686168
AxisII,P2 - P0,P0,P2,MAE_event,,2212,-0.1291519514207148
AxisII,P2 - P0,P0,P2,MAE_event,,2214,-0.010162136026248561
AxisII,P2 - P0,P0,P2,MAE_event,,2217,-0.13416934557214774
AxisII,P2 - P0,P0,P2,RMSE_event,,2203,-0.7108815233683288
AxisII,P2 - P0,P0,P2,RMSE_event,,2205,-0.3467140760841185
AxisII,P2 - P0,P0,P2,RMSE_event,,2208,-0.41142073078153585
AxisII,P2 - P0,P0,P2,RMSE_event,,2210,-0.06705581779524289
AxisII,P2 - P0,P0,P2,RMSE_event,,2212,-0.32571356708978727
AxisII,P2 - P0,P0,P2,RMSE_event,,2214,-0.06237075795310734
AxisII,P2 - P0,P0,P2,RMSE_event,,2217,-0.26035804672868934
AxisII,P2 - P0,P0,P2,SSIM_event_mean,,2203,-0.2156627698871194
AxisII,P2 - P0,P0,P2,SSIM_event_mean,,2205,-0.10112568121876642
AxisII,P2 - P0,P0,P2,SSIM_event_mean,,2208,-0.08544337565558979
AxisII,P2 - P0,P0,P2,SSIM_event_mean,,2210,-0.008151859968785535
AxisII,P2 - P0,P0,P2,SSIM_event_mean,,2212,-0.06127252224984259
AxisII,P2 - P0,P0,P2,SSIM_event_mean,,2214,-0.006971412981613967
AxisII,P2 - P0,P0,P2,SSIM_event_mean,,2217,-0.06567894935640695
AxisII,P2 - P0,P0,P2,CSI,5,2203,-0.1785787588392055
AxisII,P2 - P0,P0,P2,CSI,5,2205,-0.06012388926386819
AxisII,P2 - P0,P0,P2,CSI,5,2214,0.020592020592020588
AxisII,P2 - P0,P0,P2,CSI,5,2217,-0.033339484063619196
AxisII,P2 - P0,P0,P2,POD,5,2203,0.1668133148975557
AxisII,P2 - P0,P0,P2,POD,5,2205,0.1431022316919629
AxisII,P2 - P0,P0,P2,POD,5,2214,0.03125
AxisII,P2 - P0,P0,P2,POD,5,2217,0.1401222651222651
AxisII,P2 - P0,P0,P2,FAR,5,2203,-0.3279954927954274
AxisII,P2 - P0,P0,P2,FAR,5,2205,-0.21781674760707365
AxisII,P2 - P0,P0,P2,FAR,5,2214,0.0
AxisII,P2 - P0,P0,P2,FAR,5,2217,-0.16100259782998463
AxisII,P2 - P0,P0,P2,HSS,5,2203,-0.19313978674276894
AxisII,P2 - P0,P0,P2,HSS,5,2205,-0.061736453613409514
AxisII,P2 - P0,P0,P2,HSS,5,2214,0.03827544647279392
AxisII,P2 - P0,P0,P2,HSS,5,2217,-0.025089394967550027
AxisII,P2 - P0,P0,P2,ACC,5,2203,-0.051159020626183715
AxisII,P2 - P0,P0,P2,ACC,5,2205,-0.00796000162760424
AxisII,P2 - P0,P0,P2,ACC,5,2208,0.0
AxisII,P2 - P0,P0,P2,ACC,5,2210,0.0
AxisII,P2 - P0,P0,P2,ACC,5,2212,0.0
AxisII,P2 - P0,P0,P2,ACC,5,2214,-1.3125840053751503e-06
AxisII,P2 - P0,P0,P2,ACC,5,2217,-0.0006597609747023281
AxisII,P2 - P0,P0,P2,BIAS,5,2203,-1.223860428974643
AxisII,P2 - P0,P0,P2,BIAS,5,2205,-0.35618523181648365
AxisII,P2 - P0,P0,P2,BIAS,5,2214,0.1875
AxisII,P2 - P0,P0,P2,BIAS,5,2217,-0.2438867438867438
AxisII,P2 - P0,P0,P2,CSI,10,2203,-0.10624487526684906
AxisII,P2 - P0,P0,P2,CSI,10,2205,-0.048306051648338455
AxisII,P2 - P0,P0,P2,CSI,10,2214,0.0
AxisII,P2 - P0,P0,P2,CSI,10,2217,-0.060361462142190514
AxisII,P2 - P0,P0,P2,POD,10,2203,0.15901703074467122
AxisII,P2 - P0,P0,P2,POD,10,2205,0.24386174016686535
AxisII,P2 - P0,P0,P2,POD,10,2214,0.0
AxisII,P2 - P0,P0,P2,POD,10,2217,0.274217042971595
AxisII,P2 - P0,P0,P2,FAR,10,2203,-0.2764150640947006
AxisII,P2 - P0,P0,P2,FAR,10,2205,-0.2798607053694153
AxisII,P2 - P0,P0,P2,FAR,10,2217,-0.2880162140026757
AxisII,P2 - P0,P0,P2,HSS,10,2203,-0.11773181021805923
AxisII,P2 - P0,P0,P2,HSS,10,2205,-0.058995825388104606
AxisII,P2 - P0,P0,P2,HSS,10,2214,-6.562924334076475e-07
AxisII,P2 - P0,P0,P2,HSS,10,2217,-0.05394481611336899
AxisII,P2 - P0,P0,P2,ACC,10,2203,-0.014059201635495566
AxisII,P2 - P0,P0,P2,ACC,10,2205,-0.0041232638888888395
AxisII,P2 - P0,P0,P2,ACC,10,2208,0.0
AxisII,P2 - P0,P0,P2,ACC,10,2210,0.0
AxisII,P2 - P0,P0,P2,ACC,10,2212,0.0
AxisII,P2 - P0,P0,P2,ACC,10,2214,-6.56292002632064e-07
AxisII,P2 - P0,P0,P2,ACC,10,2217,-0.0009118942987351719
AxisII,P2 - P0,P0,P2,BIAS,10,2203,-0.8115451740709186
AxisII,P2 - P0,P0,P2,BIAS,10,2205,-0.7250297973778309
AxisII,P2 - P0,P0,P2,BIAS,10,2214,1.0
AxisII,P2 - P0,P0,P2,BIAS,10,2217,-0.5844865258557902
AxisII,P2 - P0,P0,P2,CSI,20,2203,0.02340314249183567
AxisII,P2 - P0,P0,P2,CSI,20,2205,0.0350505977316701
AxisII,P2 - P0,P0,P2,CSI,20,2217,0.13815563374519269
AxisII,P2 - P0,P0,P2,POD,20,2203,0.0982996120094784
AxisII,P2 - P0,P0,P2,POD,20,2205,0.14036144578313253
AxisII,P2 - P0,P0,P2,POD,20,2217,0.3045356371490281
AxisII,P2 - P0,P0,P2,FAR,20,2203,-0.08112083394591807
AxisII,P2 - P0,P0,P2,FAR,20,2205,-0.17026777469990767
AxisII,P2 - P0,P0,P2,FAR,20,2217,-0.21806393919069977
AxisII,P2 - P0,P0,P2,HSS,20,2203,0.02665912134321602
AxisII,P2 - P0,P0,P2,HSS,20,2205,0.04579607097034166
AxisII,P2 - P0,P0,P2,HSS,20,2217,0.17638929306297396
AxisII,P2 - P0,P0,P2,ACC,20,2203,-0.0006570527047821129
AxisII,P2 - P0,P0,P2,ACC,20,2205,-0.0002350983796296502
AxisII,P2 - P0,P0,P2,ACC,20,2208,0.0
AxisII,P2 - P0,P0,P2,ACC,20,2210,0.0
AxisII,P2 - P0,P0,P2,ACC,20,2212,0.0
AxisII,P2 - P0,P0,P2,ACC,20,2214,0.0
AxisII,P2 - P0,P0,P2,ACC,20,2217,-5.812872023813753e-05
AxisII,P2 - P0,P0,P2,BIAS,20,2203,0.3076061766007864
AxisII,P2 - P0,P0,P2,BIAS,20,2205,0.5313253012048192
AxisII,P2 - P0,P0,P2,BIAS,20,2217,0.6349892008639308
AxisII,P2 - P0,P0,P2,CSI,30,2203,0.07190911911620543
AxisII,P2 - P0,P0,P2,CSI,30,2205,0.03430123227362225
AxisII,P2 - P0,P0,P2,CSI,30,2217,0.0
AxisII,P2 - P0,P0,P2,POD,30,2203,0.14406779661016947
AxisII,P2 - P0,P0,P2,POD,30,2205,0.08893093661305582
AxisII,P2 - P0,P0,P2,POD,30,2217,0.0
AxisII,P2 - P0,P0,P2,FAR,30,2203,-0.0761074149677799
AxisII,P2 - P0,P0,P2,FAR,30,2205,-0.14247557997557997
AxisII,P2 - P0,P0,P2,HSS,30,2203,0.09555227964159896
AxisII,P2 - P0,P0,P2,HSS,30,2205,0.049068924384069734
AxisII,P2 - P0,P0,P2,HSS,30,2217,-8.89035389763373e-06
AxisII,P2 - P0,P0,P2,ACC,30,2203,-0.00022564512310607743
AxisII,P2 - P0,P0,P2,ACC,30,2205,-4.747178819441977e-05
AxisII,P2 - P0,P0,P2,ACC,30,2208,0.0
AxisII,P2 - P0,P0,P2,ACC,30,2210,0.0
AxisII,P2 - P0,P0,P2,ACC,30,2212,0.0
AxisII,P2 - P0,P0,P2,ACC,30,2214,0.0
AxisII,P2 - P0,P0,P2,ACC,30,2217,-5.812872023835958e-06
AxisII,P2 - P0,P0,P2,BIAS,30,2203,0.3697591436217663
AxisII,P2 - P0,P0,P2,BIAS,30,2205,0.336802270577105
AxisII,P2 - P0,P0,P2,BIAS,30,2217,0.3076923076923077
AxisII,P3 - P0,P0,P3,MAE_event,,2203,-0.490180182362442
AxisII,P3 - P0,P0,P3,MAE_event,,2205,-0.09183372647323329
AxisII,P3 - P0,P0,P3,MAE_event,,2208,0.007299519579570793
AxisII,P3 - P0,P0,P3,MAE_event,,2210,0.023843787852288904
AxisII,P3 - P0,P0,P3,MAE_event,,2212,-0.007007816268435786
AxisII,P3 - P0,P0,P3,MAE_event,,2214,0.011586118946673711
AxisII,P3 - P0,P0,P3,MAE_event,,2217,-0.01306370859937752
AxisII,P3 - P0,P0,P3,RMSE_event,,2203,-0.573541553214691
AxisII,P3 - P0,P0,P3,RMSE_event,,2205,-0.2654397643664981
AxisII,P3 - P0,P0,P3,RMSE_event,,2208,-0.034188124626142395
AxisII,P3 - P0,P0,P3,RMSE_event,,2210,0.02138905922862333
AxisII,P3 - P0,P0,P3,RMSE_event,,2212,-0.07931396449234697
AxisII,P3 - P0,P0,P3,RMSE_event,,2214,0.0039920036580978965
AxisII,P3 - P0,P0,P3,RMSE_event,,2217,-0.13729328469652585
AxisII,P3 - P0,P0,P3,SSIM_event_mean,,2203,-0.12591026142635287
AxisII,P3 - P0,P0,P3,SSIM_event_mean,,2205,-0.02894745192176318
AxisII,P3 - P0,P0,P3,SSIM_event_mean,,2208,-0.000396894001543302
AxisII,P3 - P0,P0,P3,SSIM_event_mean,,2210,0.001964591230012136
AxisII,P3 - P0,P0,P3,SSIM_event_mean,,2212,-0.007435734694888896
AxisII,P3 - P0,P0,P3,SSIM_event_mean,,2214,0.0005911248339294239
AxisII,P3 - P0,P0,P3,SSIM_event_mean,,2217,-0.0084443936272659
AxisII,P3 - P0,P0,P3,CSI,5,2203,-0.13235993983734445
AxisII,P3 - P0,P0,P3,CSI,5,2205,-0.04915205012255586
AxisII,P3 - P0,P0,P3,CSI,5,2214,-0.0032175032175032203
AxisII,P3 - P0,P0,P3,CSI,5,2217,-0.021865603219866192
AxisII,P3 - P0,P0,P3,POD,5,2203,0.14244494977774225
AxisII,P3 - P0,P0,P3,POD,5,2205,0.1225424408871425
AxisII,P3 - P0,P0,P3,POD,5,2214,0.0
AxisII,P3 - P0,P0,P3,POD,5,2217,0.12483912483912485
AxisII,P3 - P0,P0,P3,FAR,5,2203,-0.2685778241411181
AxisII,P3 - P0,P0,P3,FAR,5,2205,-0.19254745245675964
AxisII,P3 - P0,P0,P3,FAR,5,2214,-0.07575757575757569
AxisII,P3 - P0,P0,P3,FAR,5,2217,-0.13847800631911725
AxisII,P3 - P0,P0,P3,HSS,5,2203,-0.13849355764177673
AxisII,P3 - P0,P0,P3,HSS,5,2205,-0.05016893829544433
AxisII,P3 - P0,P0,P3,HSS,5,2214,-0.006121932138277678
AxisII,P3 - P0,P0,P3,HSS,5,2217,-0.016377206881405093
AxisII,P3 - P0,P0,P3,ACC,5,2203,-0.03429852109966858
AxisII,P3 - P0,P0,P3,ACC,5,2205,-0.00643157958984375
AxisII,P3 - P0,P0,P3,ACC,5,2208,0.0
AxisII,P3 - P0,P0,P3,ACC,5,2210,0.0
AxisII,P3 - P0,P0,P3,ACC,5,2212,0.0
AxisII,P3 - P0,P0,P3,ACC,5,2214,-1.6407300067466934e-06
AxisII,P3 - P0,P0,P3,ACC,5,2217,-0.0005028134300595344
AxisII,P3 - P0,P0,P3,BIAS,5,2203,-0.8626144141879307
AxisII,P3 - P0,P0,P3,BIAS,5,2205,-0.24022856510369828
AxisII,P3 - P0,P0,P3,BIAS,5,2214,0.15625
AxisII,P3 - P0,P0,P3,BIAS,5,2217,-0.1785714285714286
AxisII,P3 - P0,P0,P3,CSI,10,2203,-0.11389043346114291
AxisII,P3 - P0,P0,P3,CSI,10,2205,-0.055292196250699754
AxisII,P3 - P0,P0,P3,CSI,10,2214,0.0
AxisII,P3 - P0,P0,P3,CSI,10,2217,-0.05496001848539234
AxisII,P3 - P0,P0,P3,POD,10,2203,0.18085343964797063
AxisII,P3 - P0,P0,P3,POD,10,2205,0.23921334922526816
AxisII,P3 - P0,P0,P3,POD,10,2214,0.0
AxisII,P3 - P0,P0,P3,POD,10,2217,0.263292061179898
AxisII,P3 - P0,P0,P3,FAR,10,2203,-0.29160952364523374
AxisII,P3 - P0,P0,P3,FAR,10,2205,-0.28830917906939846
AxisII,P3 - P0,P0,P3,FAR,10,2217,-0.2784222446578663
AxisII,P3 - P0,P0,P3,HSS,10,2203,-0.12702188966314693
AxisII,P3 - P0,P0,P3,HSS,10,2205,-0.06772780194777156
AxisII,P3 - P0,P0,P3,HSS,10,2214,-4.375281932229508e-07
AxisII,P3 - P0,P0,P3,HSS,10,2217,-0.04895050663484557
AxisII,P3 - P0,P0,P3,ACC,10,2203,-0.015924164743134517
AxisII,P3 - P0,P0,P3,ACC,10,2205,-0.00435864483868631
AxisII,P3 - P0,P0,P3,ACC,10,2208,0.0
AxisII,P3 - P0,P0,P3,ACC,10,2210,0.0
AxisII,P3 - P0,P0,P3,ACC,10,2212,0.0
AxisII,P3 - P0,P0,P3,ACC,10,2214,-3.2814600126052085e-07
AxisII,P3 - P0,P0,P3,ACC,10,2217,-0.000845046270461336
AxisII,P3 - P0,P0,P3,BIAS,10,2203,-0.9553015326843067
AxisII,P3 - P0,P0,P3,BIAS,10,2205,-0.7653754469606676
AxisII,P3 - P0,P0,P3,BIAS,10,2214,0.5
AxisII,P3 - P0,P0,P3,BIAS,10,2217,-0.5291332847778588
AxisII,P3 - P0,P0,P3,CSI,20,2203,0.02493269641368495
AxisII,P3 - P0,P0,P3,CSI,20,2205,0.03728613142807888
AxisII,P3 - P0,P0,P3,CSI,20,2217,0.134663607205791
AxisII,P3 - P0,P0,P3,POD,20,2203,0.12509439366716146
AxisII,P3 - P0,P0,P3,POD,20,2205,0.1566265060240964
AxisII,P3 - P0,P0,P3,POD,20,2217,0.3369330453563715
AxisII,P3 - P0,P0,P3,FAR,20,2203,-0.10302493118335887
AxisII,P3 - P0,P0,P3,FAR,20,2205,-0.1805451458953909
AxisII,P3 - P0,P0,P3,FAR,20,2217,-0.2497354497354497
AxisII,P3 - P0,P0,P3,HSS,20,2203,0.02825731177379648
AxisII,P3 - P0,P0,P3,HSS,20,2205,0.048625732011529366
AxisII,P3 - P0,P0,P3,HSS,20,2217,0.1723716441203404
AxisII,P3 - P0,P0,P3,ACC,20,2203,-0.0009412669172190746
AxisII,P3 - P0,P0,P3,ACC,20,2205,-0.00026674623842593004
AxisII,P3 - P0,P0,P3,ACC,20,2208,0.0
AxisII,P3 - P0,P0,P3,ACC,20,2210,0.0
AxisII,P3 - P0,P0,P3,ACC,20,2212,0.0
AxisII,P3 - P0,P0,P3,ACC,20,2214,0.0
AxisII,P3 - P0,P0,P3,ACC,20,2217,-8.71930803572063e-05
AxisII,P3 - P0,P0,P3,BIAS,20,2203,0.2461526443246621
AxisII,P3 - P0,P0,P3,BIAS,20,2205,0.5078313253012048
AxisII,P3 - P0,P0,P3,BIAS,20,2217,0.48380129589632825
AxisII,P3 - P0,P0,P3,CSI,30,2203,0.07468131396245783
AxisII,P3 - P0,P0,P3,CSI,30,2205,0.0333717383193978
AxisII,P3 - P0,P0,P3,CSI,30,2217,0.0
AxisII,P3 - P0,P0,P3,POD,30,2203,0.15315566458519178
AxisII,P3 - P0,P0,P3,POD,30,2205,0.0898770104068117
AxisII,P3 - P0,P0,P3,POD,30,2217,0.0
AxisII,P3 - P0,P0,P3,FAR,30,2203,-0.08170057892512189
AxisII,P3 - P0,P0,P3,FAR,30,2205,-0.14837788405319102
AxisII,P3 - P0,P0,P3,HSS,30,2203,0.09900965522695865
AxisII,P3 - P0,P0,P3,HSS,30,2205,0.04777288131299823
AxisII,P3 - P0,P0,P3,HSS,30,2217,-8.89035389763373e-06
AxisII,P3 - P0,P0,P3,ACC,30,2203,-0.0002547755385891026
AxisII,P3 - P0,P0,P3,ACC,30,2205,-5.0580060040439356e-05
AxisII,P3 - P0,P0,P3,ACC,30,2208,0.0
AxisII,P3 - P0,P0,P3,ACC,30,2210,0.0
AxisII,P3 - P0,P0,P3,ACC,30,2212,0.0
AxisII,P3 - P0,P0,P3,ACC,30,2214,0.0
AxisII,P3 - P0,P0,P3,ACC,30,2217,-5.812872023835958e-06
AxisII,P3 - P0,P0,P3,BIAS,30,2203,0.3984723461195362
AxisII,P3 - P0,P0,P3,BIAS,30,2205,0.34910122989593195
AxisII,P3 - P0,P0,P3,BIAS,30,2217,0.3076923076923077
